transaction_id,customer_id,account_id,card_id,device_id,merchant_id,beneficiary_id,amount,currency,location,timestamp,payment_method,is_fraud,attack_id
TXDF9B265D36_ATK001_797d54,C0039,A0039,CARD0039,D662,M0074,B_NONE,2523.6,INR,Mumbai,2026-08-16T13:24:51,card,True,ATK001
TX326C050F0E_ATK002_b61481,C0029,A0029,CARD0029,D659,M0048,B_NONE,545.42,INR,Hyderabad,2026-07-01T22:15:20,card,True,ATK002
TXC263717A11_ATK003_24d69f,C0083,A0083,CARD0083,D174,M0039,B_NONE,428.32,INR,Hyderabad,2026-06-29T13:01:40,wallet,True,ATK003
TX61F2AD2DC8_ATK004_b6728c,C0060,A0060,CARD0060,D00086,M0116,B978,2679.92,INR,Mumbai,2026-05-31T18:39:01,card,True,ATK004
TX6A1942216F_ATK005_3f4af8,C0280,A0280,CARD0280,SYN5512,M0003,B115,516.83,INR,Hyderabad,2026-07-29T12:14:46,card,True,ATK005
TXF21F751957_ATK006_ffc06d,C0260,A0260,CARD0260,D00389,M0035,B454,509.03,INR,Pune,2026-06-10T21:54:50,card,True,ATK006
TX1CEF535681_ATK001_fda6a5,C0290,A0290,CARD0290,D346,M0003,B_NONE,632.95,INR,Hyderabad,2026-08-21T22:00:44,card,True,ATK001
TX197F59E024_ATK002_47c2a9,C0258,A0258,CARD0258,D811,M0105,B_NONE,970.81,INR,Hyderabad,2026-06-26T18:22:24,card,True,ATK002
TXF4E73FA423_ATK003_0feb0a,C0279,A0279,CARD0279,D197,M0071,B_NONE,1821.17,INR,Bengaluru,2026-08-18T12:29:39,netbanking,True,ATK003
TXEF755DC529_ATK004_4bf050,C0179,A0179,CARD0179,D00269,M0055,B974,3157.38,INR,Chennai,2026-08-22T23:11:47,wallet,True,ATK004
TX581F395B1A_ATK005_30a4a5,C0106,A0106,CARD0106,SYN9440,M0092,B601,532.7,INR,Bangalore,2026-08-27T16:43:31,upi,True,ATK005
TXB7F79800A8_ATK006_f3aba6,C0111,A0111,CARD0111,D00164,M0129,B491,341.66,INR,Hyderabad,2026-08-16T14:05:07,upi,True,ATK006
TX12287B2DDC_ATK001_4fd7b9,C0118,A0118,CARD0118,D852,M0040,B_NONE,425.81,INR,Mumbai,2026-06-03T22:47:52,wallet,True,ATK001
TX0931060C73_ATK002_a15287,C0017,A0017,CARD0017,D650,M0012,B_NONE,1316.24,INR,Chennai,2026-06-07T15:43:41,upi,True,ATK002
TXA884EB12B6_ATK003_f7b416,C0209,A0209,CARD0209,D211,M0076,B_NONE,268.07,INR,Kolkata,2026-07-09T21:59:28,upi,True,ATK003
TX7D9C47D3E8_ATK004_54ce47,C0182,A0182,CARD0182,D00273,M0071,B572,2645.39,INR,Pune,2026-06-18T07:01:57,upi,True,ATK004
TX1528E93431_ATK005_187300,C0172,A0172,CARD0172,SYN4174,M0107,B360,4564.68,INR,Delhi,2026-06-01T09:08:38,card,True,ATK005
TX8E68B727A7_ATK006_9d144d,C0177,A0177,CARD0177,D00264,M0026,B686,681.91,INR,Kolkata,2026-08-24T03:49:53,upi,True,ATK006
TX15A9A8114A_ATK001_f0a150,C0279,A0279,CARD0279,D183,M0150,B_NONE,1535.81,INR,Mumbai,2026-08-14T12:43:56,upi,True,ATK001
TX4E44FEF0EC_ATK002_0d046f,C0162,A0162,CARD0162,D747,M0021,B_NONE,2638.25,INR,Bengaluru,2026-07-22T11:43:01,card,True,ATK002
TXEFA46F1F66_ATK003_631a4e,C0104,A0104,CARD0104,D649,M0140,B_NONE,833.47,INR,Bengaluru,2026-06-07T05:03:52,upi,True,ATK003
TX91B340DC8D_ATK004_1d47ea,C0202,A0202,CARD0202,D00301,M0082,B884,227.79,INR,Mumbai,2026-07-04T21:56:06,netbanking,True,ATK004
TX144707568F_ATK005_5e5de1,C0027,A0027,CARD0027,SYN4383,M0124,B963,122.42,INR,Chennai,2026-08-07T14:31:29,card,True,ATK005
TX62DE8CEB5C_ATK006_12c4d4,C0019,A0019,CARD0019,D00031,M0023,B605,510.83,INR,Mumbai,2026-08-08T14:22:56,wallet,True,ATK006
TX5A90F95302_ATK001_5de7f7,C0155,A0155,CARD0155,D392,M0064,B_NONE,3855.55,INR,Kolkata,2026-06-23T19:53:30,card,True,ATK001
TXCA571CFCDF_ATK002_049653,C0214,A0214,CARD0214,D872,M0130,B_NONE,4650.81,INR,Bengaluru,2026-07-25T22:43:15,upi,True,ATK002
TX8F4FAD867A_ATK003_3d743b,C0084,A0084,CARD0084,D974,M0017,B_NONE,357.42,INR,Hyderabad,2026-07-08T23:51:51,card,True,ATK003
TXAAACF89325_ATK004_fbdca9,C0024,A0024,CARD0024,D00036,M0097,B905,15930.53,INR,Hyderabad,2026-06-05T22:54:39,upi,True,ATK004
TX69D668CACB_ATK005_df8d5c,C0157,A0157,CARD0157,SYN6099,M0073,B250,1212.42,INR,Kolkata,2026-07-25T23:40:34,upi,True,ATK005
TX9643F046A7_ATK006_1b44c0,C0088,A0088,CARD0088,D00128,M0108,B393,587.61,INR,Bangalore,2026-07-07T13:39:09,card,True,ATK006
TX64DC0A9198_ATK001_354330,C0273,A0273,CARD0273,D484,M0107,B_NONE,712.14,INR,Kolkata,2026-08-07T20:21:11,card,True,ATK001
TX2AC0B4B90A_ATK002_0ee111,C0221,A0221,CARD0221,D741,M0059,B_NONE,2998.75,INR,Bengaluru,2026-07-10T15:11:57,card,True,ATK002
TX30F1FABB79_ATK003_684af1,C0117,A0117,CARD0117,D575,M0008,B0153,755.91,INR,Hyderabad,2026-08-19T22:21:47,card,True,ATK003
TX3478D9E63D_ATK004_7fcdfd,C0156,A0156,CARD0156,D00238,M0081,B928,824.22,INR,Delhi,2026-08-01T07:40:08,card,True,ATK004
TXF99B779595_ATK005_4ef6a2,C0221,A0221,CARD0221,SYN5807,M0059,B496,1852.64,INR,Hyderabad,2026-07-28T12:35:41,wallet,True,ATK005
TX91F48F7405_ATK006_23cdee,C0214,A0214,CARD0214,D00322,M0074,B177,1834.36,INR,Chennai,2026-06-27T23:38:37,card,True,ATK006
TXF5507E24BD_ATK001_833fc3,C0008,A0008,CARD0008,D703,M0108,B_NONE,1088.39,INR,Mumbai,2026-06-21T12:13:49,netbanking,True,ATK001
TX9A0F543B6B_ATK002_f7944a,C0177,A0177,CARD0177,D933,M0139,B_NONE,3245.55,INR,Chennai,2026-06-13T22:43:19,card,True,ATK002
TXF6B08E885D_ATK003_f2e004,C0151,A0151,CARD0151,D400,M0083,B_NONE,294.72,INR,Chennai,2026-06-01T14:26:25,wallet,True,ATK003
TX17B605D330_ATK004_ca1601,C0141,A0141,CARD0141,D00215,M0076,B303,715.11,INR,Delhi,2026-07-30T22:27:46,card,True,ATK004
TX8EE3942D57_ATK005_fd8cb0,C0087,A0087,CARD0087,SYN3264,M0123,B941,2355.81,INR,Pune,2026-05-31T13:02:53,card,True,ATK005
TX5CC18238B9_ATK006_860863,C0079,A0079,CARD0079,D00113,M0017,B566,341.96,INR,Delhi,2026-07-21T15:41:35,upi,True,ATK006
TX8D84311460_ATK001_eaed2d,C0054,A0054,CARD0054,D664,M0134,B_NONE,261.09,INR,Chennai,2026-07-05T15:52:45,upi,True,ATK001
TXE6EAA47095_ATK002_825240,C0074,A0074,CARD0074,D957,M0029,B_NONE,3727.86,INR,Chennai,2026-06-11T14:12:37,upi,True,ATK002
TX084EA58B16_ATK003_3aa502,C0134,A0134,CARD0134,D510,M0033,B_NONE,252.95,INR,Hyderabad,2026-06-25T14:49:48,upi,True,ATK003
TXD289D70FE9_ATK004_6b3b75,C0237,A0237,CARD0237,D00354,M0030,B771,1051.94,INR,Chennai,2026-06-03T21:12:07,wallet,True,ATK004
TX6752A33EF8_ATK005_ed94a0,C0120,A0120,CARD0120,SYN6083,M0079,B846,1266.14,INR,Delhi,2026-07-11T22:37:06,upi,True,ATK005
TXB20D71C463_ATK006_15e000,C0242,A0242,CARD0242,D00364,M0016,B943,709.71,INR,Ahmedabad,2026-07-04T23:56:20,card,True,ATK006
TX0030935561_ATK001_a01b69,C0152,A0152,CARD0152,D982,M0125,B_NONE,1071.66,INR,Delhi,2026-08-15T09:03:33,wallet,True,ATK001
TX5A7C6D04B5_ATK002_854c7b,C0113,A0113,CARD0113,D742,M0115,B_NONE,9647.63,INR,Bengaluru,2026-06-22T13:30:11,upi,True,ATK002
TX25E6264698_ATK003_560815,C0099,A0099,CARD0099,D273,M0040,B_NONE,241.53,INR,Chennai,2026-08-23T09:53:48,upi,True,ATK003
TXC0F1546D1A_ATK004_670127,C0190,A0190,CARD0190,D00284,M0013,B446,798.89,INR,Pune,2026-06-11T18:42:45,card,True,ATK004
TX5F709174AD_ATK005_ceff27,C0030,A0030,CARD0030,SYN5169,M0108,B722,124.81,INR,Kolkata,2026-08-28T22:34:38,upi,True,ATK005
TX02ED04168B_ATK006_4f209c,C0215,A0215,CARD0215,D00323,M0115,B238,589.89,INR,Chennai,2026-06-16T23:22:40,upi,True,ATK006
TX0D33339738_ATK001_f14046,C0025,A0025,CARD0025,D780,M0117,B_NONE,247.46,INR,Hyderabad,2026-06-28T06:44:55,upi,True,ATK001
TXBC50F05A28_ATK002_f33307,C0273,A0273,CARD0273,D591,M0058,B0010,4625.25,INR,Chennai,2026-06-09T13:38:58,card,True,ATK002
TXC63EBF1F7C_ATK003_c0149d,C0129,A0129,CARD0129,D791,M0081,B_NONE,723.96,INR,Delhi,2026-08-05T17:51:18,upi,True,ATK003
TXF11DF925AA_ATK004_fe1974,C0014,A0014,CARD0014,D00022,M0062,B442,2595.63,INR,Ahmedabad,2026-07-23T21:11:14,upi,True,ATK004
TX7F907D9882_ATK005_fecc0e,C0027,A0027,CARD0027,SYN2437,M0124,B549,765.73,INR,Chennai,2026-06-03T12:35:27,card,True,ATK005
TX4D6C0D452A_ATK006_a26c1b,C0129,A0129,CARD0129,D00194,M0037,B996,572.03,INR,Ahmedabad,2026-06-12T12:37:00,wallet,True,ATK006
TXCAE57AB783_ATK001_4ca1b4,C0259,A0259,CARD0259,D223,M0101,B_NONE,1206.63,INR,Mumbai,2026-07-17T04:37:34,upi,True,ATK001
TXF530AEE677_ATK002_893a30,C0137,A0137,CARD0137,D344,M0016,B_NONE,3427.6,INR,Bengaluru,2026-08-15T14:11:55,upi,True,ATK002
TXB040F3B5A5_ATK003_6196b0,C0283,A0283,CARD0283,D214,M0080,B_NONE,807.41,INR,Mumbai,2026-06-29T13:43:21,card,True,ATK003
TX9293E1B7AA_ATK004_848de9,C0276,A0276,CARD0276,D00412,M0044,B347,5720.77,INR,Pune,2026-08-13T06:36:03,card,True,ATK004
TXD696D3CB45_ATK005_7b235c,C0207,A0207,CARD0207,SYN8475,M0055,B919,2828.05,INR,Hyderabad,2026-07-01T23:04:36,upi,True,ATK005
TX40E2D2F9BA_ATK006_6686fa,C0125,A0125,CARD0125,D00189,M0082,B975,5919.78,INR,Bangalore,2026-06-25T21:00:39,wallet,True,ATK006
TXE23ED38D78_ATK001_d0f156,C0068,A0068,CARD0068,D741,M0122,B_NONE,646.67,INR,Bengaluru,2026-06-25T22:33:49,wallet,True,ATK001
TX1B2CC55AEC_ATK002_2c449a,C0094,A0094,CARD0094,D392,M0024,B_NONE,7598.31,INR,Hyderabad,2026-08-12T23:48:24,card,True,ATK002
TX04DB45225F_ATK003_0d8c97,C0089,A0089,CARD0089,D289,M0121,B0193,1740.82,INR,Bengaluru,2026-06-01T22:30:53,upi,True,ATK003
TX66722C3CEB_ATK004_340e1a,C0084,A0084,CARD0084,D00121,M0134,B475,720.51,INR,Ahmedabad,2026-06-18T21:04:12,card,True,ATK004
TX0259FA8EE1_ATK005_ff1883,C0182,A0182,CARD0182,SYN9894,M0029,B748,4518.28,INR,Pune,2026-06-05T08:41:16,card,True,ATK005
TX6612922E86_ATK006_a6ef22,C0195,A0195,CARD0195,D00292,M0007,B904,889.38,INR,Kolkata,2026-07-13T07:26:09,upi,True,ATK006
TX6F2213A191_ATK001_436fb3,C0084,A0084,CARD0084,D148,M0017,B0185,333.38,INR,Mumbai,2026-07-01T23:14:04,card,True,ATK001
TXDFC71F6FA0_ATK002_35fca7,C0169,A0169,CARD0169,D346,M0146,B_NONE,7898.98,INR,Chennai,2026-06-19T14:16:55,upi,True,ATK002
TXB57B321624_ATK003_2f615a,C0252,A0252,CARD0252,D437,M0021,B_NONE,344.31,INR,Bengaluru,2026-06-15T20:25:20,card,True,ATK003
TXF48674DD37_ATK004_7dc5ff,C0084,A0084,CARD0084,D00121,M0013,B806,1175.07,INR,Ahmedabad,2026-07-18T21:25:33,upi,True,ATK004
TXA42B471AD7_ATK005_edce4b,C0248,A0248,CARD0248,SYN9779,M0034,B352,638.9,INR,Ahmedabad,2026-06-20T09:56:48,netbanking,True,ATK005
TXC32B3443D9_ATK006_706301,C0056,A0056,CARD0056,D00081,M0058,B302,7620.65,INR,Kolkata,2026-07-27T09:29:11,card,True,ATK006
TX743F5BCBF3_ATK001_0d2b46,C0207,A0207,CARD0207,D589,M0072,B_NONE,1717.55,INR,Chennai,2026-07-18T21:17:20,card,True,ATK001
TXB2C175B060_ATK002_d4266a,C0279,A0279,CARD0279,D963,M0071,B_NONE,5249.15,INR,Hyderabad,2026-07-03T12:12:04,wallet,True,ATK002
TXE365BDC2E1_ATK003_bf6f09,C0242,A0242,CARD0242,D468,M0044,B_NONE,632.21,INR,Mumbai,2026-07-26T23:04:32,card,True,ATK003
TX3585436721_ATK004_5371ad,C0280,A0280,CARD0280,D00418,M0079,B153,687.83,INR,Hyderabad,2026-08-23T20:17:28,wallet,True,ATK004
TXB9293183D5_ATK005_fb1b15,C0052,A0052,CARD0052,SYN9721,M0054,B256,720.35,INR,Mumbai,2026-07-20T23:44:11,upi,True,ATK005
TX2F790EC795_ATK006_d1168c,C0288,A0288,CARD0288,D00431,M0031,B444,709.74,INR,Pune,2026-07-21T08:29:00,card,True,ATK006
TXE254A5004E_ATK001_927e58,C0010,A0010,CARD0010,D392,M0076,B_NONE,434.93,INR,Kolkata,2026-08-28T22:46:40,upi,True,ATK001
TX76AA8F3F02_ATK002_c29740,C0149,A0149,CARD0149,D318,M0074,B_NONE,4006.77,INR,Mumbai,2026-08-12T23:09:07,card,True,ATK002
TXF1A5EC6FD5_ATK003_93ac24,C0191,A0191,CARD0191,D154,M0146,B0006,530.57,INR,Delhi,2026-08-19T19:26:19,card,True,ATK003
TX442DECF7C0_ATK004_b7ea4a,C0032,A0032,CARD0032,D00048,M0146,B273,1318.94,INR,Delhi,2026-07-28T22:26:30,upi,True,ATK004
TXFD7BC9D6E5_ATK005_89848c,C0046,A0046,CARD0046,SYN4583,M0149,B913,2314.71,INR,Hyderabad,2026-08-08T01:13:33,upi,True,ATK005
TXA36AFA8A8D_ATK006_11f647,C0185,A0185,CARD0185,D00278,M0005,B194,1189.93,INR,Delhi,2026-08-14T15:27:38,upi,True,ATK006
TXAC8D5DFF3C_ATK001_78d4ad,C0146,A0146,CARD0146,D381,M0072,B_NONE,759.86,INR,Mumbai,2026-08-14T18:32:06,upi,True,ATK001
TX474838352E_ATK002_81c35f,C0183,A0183,CARD0183,D669,M0060,B_NONE,1439.28,INR,Chennai,2026-06-02T08:18:45,upi,True,ATK002
TXC43F2C0902_ATK003_f3dd79,C0132,A0132,CARD0132,D227,M0032,B_NONE,481.07,INR,Kolkata,2026-06-21T21:37:37,upi,True,ATK003
TX2C1CDDC714_ATK004_e64e14,C0166,A0166,CARD0166,D00250,M0048,B324,749.68,INR,Mumbai,2026-07-15T07:17:18,upi,True,ATK004
TX5885454366_ATK005_f4298f,C0263,A0263,CARD0263,SYN7168,M0041,B188,2078.21,INR,Bangalore,2026-08-27T10:12:55,card,True,ATK005
TXF13122462D_ATK006_87ddf3,C0204,A0204,CARD0204,D00304,M0088,B260,600.34,INR,Chennai,2026-07-31T20:51:13,upi,True,ATK006
TX9F43BFF6CA_ATK001_0babea,C0199,A0199,CARD0199,D855,M0068,B_NONE,1509.93,INR,Hyderabad,2026-07-14T15:01:53,card,True,ATK001
TX0D5455B5EC_ATK002_229f8e,C0277,A0277,CARD0277,D312,M0076,B_NONE,1973.95,INR,Mumbai,2026-07-20T20:12:09,upi,True,ATK002
TX7F55E783D4_ATK003_6c2942,C0057,A0057,CARD0057,D875,M0084,B_NONE,209.93,INR,Bengaluru,2026-07-10T07:35:36,upi,True,ATK003
TXFBF30F743C_ATK004_c40bbb,C0053,A0053,CARD0053,D00077,M0015,B916,10128.42,INR,Mumbai,2026-06-03T14:04:04,wallet,True,ATK004
TXD787D53266_ATK005_43ba4f,C0194,A0194,CARD0194,SYN7656,M0054,B832,5975.79,INR,Delhi,2026-06-13T23:36:10,upi,True,ATK005
TX62385CB637_ATK006_1a66bd,C0067,A0067,CARD0067,D00095,M0137,B952,594.42,INR,Ahmedabad,2026-06-27T21:58:18,card,True,ATK006
TX55225E7923_ATK001_67d84b,C0208,A0208,CARD0208,D202,M0049,B_NONE,1556.9,INR,Chennai,2026-06-17T15:47:26,upi,True,ATK001
TX7EC54EC67B_ATK002_de728b,C0101,A0101,CARD0101,D397,M0052,B_NONE,26891.97,INR,Hyderabad,2026-06-18T16:11:17,upi,True,ATK002
TX96F3E99D93_ATK003_631ede,C0138,A0138,CARD0138,D762,M0051,B_NONE,1553.87,INR,Mumbai,2026-06-16T07:15:25,netbanking,True,ATK003
TXB2C78E719C_ATK004_ac0ca4,C0182,A0182,CARD0182,D00273,M0029,B241,3198.93,INR,Pune,2026-08-13T08:29:50,upi,True,ATK004
TX1ECF03E272_ATK005_b329f0,C0218,A0218,CARD0218,SYN7374,M0082,B612,808.83,INR,Bangalore,2026-06-15T13:14:35,card,True,ATK005
TX174A551C38_ATK006_5e8b11,C0011,A0011,CARD0011,D00019,M0105,B735,753.61,INR,Chennai,2026-07-05T14:24:31,card,True,ATK006
TXA36563A5C2_ATK001_9035eb,C0038,A0038,CARD0038,D444,M0106,B_NONE,311.38,INR,Delhi,2026-08-11T01:29:25,card,True,ATK001
TX06899DD304_ATK002_c47f25,C0284,A0284,CARD0284,D249,M0120,B_NONE,6628.47,INR,Hyderabad,2026-07-21T14:57:42,card,True,ATK002
TX350A52ABDF_ATK003_8db243,C0278,A0278,CARD0278,D351,M0037,B_NONE,217.61,INR,Chennai,2026-06-12T21:55:38,upi,True,ATK003
TX038ABBA047_ATK004_7ae9ad,C0084,A0084,CARD0084,D00121,M0134,B810,987.29,INR,Ahmedabad,2026-08-19T23:09:24,upi,True,ATK004
TX0F1E6F50DF_ATK005_ac760d,C0253,A0253,CARD0253,SYN8597,M0056,B334,1680.13,INR,Ahmedabad,2026-08-26T22:16:44,upi,True,ATK005
TXCD8DEDE213_ATK006_d9f713,C0208,A0208,CARD0208,D00312,M0020,B943,1462.57,INR,Kolkata,2026-07-04T17:10:41,card,True,ATK006
TX31C4FDF405_ATK001_43c8dc,C0048,A0048,CARD0048,D919,M0113,B_NONE,292.71,INR,Kolkata,2026-07-15T20:18:57,card,True,ATK001
TX8739915E9F_ATK002_82b6f3,C0046,A0046,CARD0046,D992,M0086,B0099,4488.87,INR,Delhi,2026-06-30T23:49:17,upi,True,ATK002
TXBF0E5E21A9_ATK003_7a8b78,C0015,A0015,CARD0015,D159,M0113,B_NONE,575.35,INR,Chennai,2026-08-16T10:19:26,upi,True,ATK003
TXC41F0EF6A1_ATK004_459618,C0199,A0199,CARD0199,D00296,M0068,B811,2456.83,INR,Pune,2026-07-17T14:33:37,upi,True,ATK004
TX476EE898A4_ATK005_df5e9b,C0136,A0136,CARD0136,SYN1368,M0004,B650,767.52,INR,Hyderabad,2026-07-11T02:33:11,card,True,ATK005
TX009D107DE3_ATK006_553301,C0234,A0234,CARD0234,D00351,M0021,B929,1184.77,INR,Delhi,2026-07-12T14:13:21,upi,True,ATK006
TXE672AAB4BF_ATK001_086565,C0044,A0044,CARD0044,D558,M0097,B_NONE,4016.69,INR,Chennai,2026-06-22T09:37:19,upi,True,ATK001
TXFBBBBB8F25_ATK002_a76dff,C0081,A0081,CARD0081,D506,M0022,B_NONE,979.66,INR,Kolkata,2026-08-21T07:42:27,wallet,True,ATK002
TXA8ED0D95AF_ATK003_547177,C0228,A0228,CARD0228,D633,M0096,B_NONE,369.06,INR,Bengaluru,2026-08-13T12:00:42,card,True,ATK003
TXAE1EB13BF8_ATK004_d2960e,C0070,A0070,CARD0070,D00100,M0129,B811,1389.64,INR,Ahmedabad,2026-07-05T18:39:01,upi,True,ATK004
TXAF90F11F12_ATK005_16db1d,C0277,A0277,CARD0277,SYN3363,M0076,B193,749.59,INR,Chennai,2026-08-19T21:42:39,upi,True,ATK005
TX1B01D84B5F_ATK006_58893f,C0191,A0191,CARD0191,D00286,M0146,B748,444.69,INR,Pune,2026-08-13T04:09:23,card,True,ATK006
TX6CBFADC551_ATK001_a937a6,C0074,A0074,CARD0074,D561,M0140,B_NONE,1069.81,INR,Hyderabad,2026-06-26T12:46:37,card,True,ATK001
TXBB0E1B1516_ATK002_53a2ce,C0254,A0254,CARD0254,D625,M0034,B_NONE,450.91,INR,Bengaluru,2026-06-10T18:39:31,card,True,ATK002
TXE30804FC2E_ATK003_91f37b,C0184,A0184,CARD0184,D448,M0141,B_NONE,12759.07,INR,Bengaluru,2026-08-16T18:05:44,upi,True,ATK003
TX0EEE401761_ATK004_3c54be,C0056,A0056,CARD0056,D00081,M0068,B686,3604.43,INR,Kolkata,2026-08-02T07:18:17,netbanking,True,ATK004
TX3D88F6504D_ATK005_7bdf99,C0068,A0068,CARD0068,SYN1996,M0128,B320,606.81,INR,Kolkata,2026-06-22T21:31:41,card,True,ATK005
TX1752CFB6C3_ATK006_d47222,C0194,A0194,CARD0194,D00291,M0085,B539,2921.42,INR,Delhi,2026-07-07T22:14:58,upi,True,ATK006
TX6FC3522765_ATK001_8c41c1,C0161,A0161,CARD0161,D865,M0046,B0029,3093.01,INR,Chennai,2026-08-25T15:00:47,upi,True,ATK001
TX6026C5E299_ATK002_c36bb6,C0233,A0233,CARD0233,D823,M0029,B_NONE,1866.29,INR,Bengaluru,2026-06-20T08:19:26,upi,True,ATK002
TXB55FB4CBE1_ATK003_df91df,C0225,A0225,CARD0225,D509,M0118,B_NONE,533.56,INR,Hyderabad,2026-07-14T23:41:55,upi,True,ATK003
TX5484FE699D_ATK004_6a247a,C0152,A0152,CARD0152,D00232,M0079,B383,616.89,INR,Chennai,2026-07-10T07:58:10,upi,True,ATK004
TX45C5999F51_ATK005_714aba,C0103,A0103,CARD0103,SYN4836,M0018,B670,900.83,INR,Hyderabad,2026-06-09T13:43:47,card,True,ATK005
TX96277C1122_ATK006_218f89,C0108,A0108,CARD0108,D00160,M0061,B939,2287.99,INR,Delhi,2026-06-11T13:43:04,card,True,ATK006
TXE5D6CC35AD_ATK001_b304c9,C0011,A0011,CARD0011,D836,M0015,B_NONE,1785.67,INR,Bengaluru,2026-07-10T15:53:35,upi,True,ATK001
TX3DA3DF4F42_ATK002_0ccc6d,C0284,A0284,CARD0284,D421,M0124,B_NONE,5319.7,INR,Kolkata,2026-08-11T23:45:13,card,True,ATK002
TXF28A1A734D_ATK003_20a401,C0284,A0284,CARD0284,D769,M0017,B_NONE,2534.83,INR,Kolkata,2026-07-25T15:57:13,card,True,ATK003
TXAA70D9AD6F_ATK004_d45a43,C0036,A0036,CARD0036,D00054,M0043,B735,1502.37,INR,Mumbai,2026-08-21T14:05:30,netbanking,True,ATK004
TX6E55FF0EF9_ATK005_d3a5ca,C0266,A0266,CARD0266,SYN4171,M0032,B830,2347.04,INR,Hyderabad,2026-07-02T23:45:47,netbanking,True,ATK005
TX6254DC8ABD_ATK006_29656c,C0208,A0208,CARD0208,D00312,M0020,B892,425.86,INR,Kolkata,2026-07-07T13:19:26,card,True,ATK006
TX67F84D78F0_ATK001_9bcee5,C0151,A0151,CARD0151,D181,M0104,B_NONE,457.71,INR,Mumbai,2026-06-15T19:39:28,card,True,ATK001
TX26E4D5FCA6_ATK002_fee520,C0274,A0274,CARD0274,D891,M0079,B_NONE,1806.75,INR,Hyderabad,2026-06-13T21:25:56,wallet,True,ATK002
TX46E9D4BA9D_ATK003_f8fdd1,C0276,A0276,CARD0276,D325,M0150,B_NONE,1986.94,INR,Mumbai,2026-06-22T18:21:25,card,True,ATK003
TX40A2764F13_ATK004_2d75f2,C0250,A0250,CARD0250,D00376,M0109,B485,2218.75,INR,Chennai,2026-07-09T21:35:50,wallet,True,ATK004
TX327A86D641_ATK005_02a061,C0195,A0195,CARD0195,SYN2995,M0025,B344,660.13,INR,Kolkata,2026-08-04T07:52:33,netbanking,True,ATK005
TXAB3F49E090_ATK006_031083,C0107,A0107,CARD0107,D00159,M0002,B433,516.83,INR,Bangalore,2026-08-21T08:30:55,netbanking,True,ATK006
TX9E31F8913A_ATK001_63e059,C0281,A0281,CARD0281,D115,M0109,B_NONE,661.41,INR,Delhi,2026-07-07T19:16:48,upi,True,ATK001
TXC063AD9099_ATK002_e64ae4,C0205,A0205,CARD0205,D715,M0053,B_NONE,20593.54,INR,Bengaluru,2026-08-01T14:50:25,card,True,ATK002
TX09B06C5E36_ATK003_307bc1,C0133,A0133,CARD0133,D807,M0022,B0139,8663.05,INR,Chennai,2026-08-28T14:59:44,netbanking,True,ATK003
TX5031972365_ATK004_f551ed,C0100,A0100,CARD0100,D00150,M0132,B806,979.75,INR,Hyderabad,2026-07-07T09:26:05,card,True,ATK004
TX1A825C9B52_ATK005_d78ba7,C0153,A0153,CARD0153,SYN8872,M0043,B689,908.02,INR,Delhi,2026-06-06T09:58:49,upi,True,ATK005
TXCD4F5CC331_ATK006_aca4ac,C0170,A0170,CARD0170,D00255,M0053,B708,577.45,INR,Ahmedabad,2026-08-27T22:20:21,upi,True,ATK006
TXC5BDC60DE8_ATK001_a287c2,C0252,A0252,CARD0252,D258,M0105,B_NONE,649.83,INR,Chennai,2026-07-13T18:42:01,card,True,ATK001
TX1C371DC3C5_ATK002_1db6d8,C0134,A0134,CARD0134,D683,M0060,B_NONE,1965.27,INR,Delhi,2026-06-13T13:31:20,card,True,ATK002
TX59FC47C280_ATK003_8edb0b,C0047,A0047,CARD0047,D254,M0032,B_NONE,731.14,INR,Hyderabad,2026-07-07T01:43:11,card,True,ATK003
TXEEE6261ED0_ATK004_18718b,C0161,A0161,CARD0161,D00244,M0007,B525,3625.31,INR,Ahmedabad,2026-06-13T09:58:10,wallet,True,ATK004
TX81D7C3E21E_ATK005_861989,C0049,A0049,CARD0049,SYN1375,M0122,B968,796.34,INR,Pune,2026-07-31T21:15:24,card,True,ATK005
TXD175204E01_ATK006_35ffad,C0040,A0040,CARD0040,D00058,M0106,B943,365.12,INR,Mumbai,2026-08-15T13:38:23,upi,True,ATK006
TXC13D66DEB3_ATK001_ff2e30,C0063,A0063,CARD0063,D971,M0075,B_NONE,395.0,INR,Mumbai,2026-07-30T22:26:15,upi,True,ATK001
TX05C63ACB60_ATK002_224e31,C0273,A0273,CARD0273,D467,M0058,B_NONE,3315.1,INR,Mumbai,2026-06-27T13:00:05,card,True,ATK002
TX43B51E71C1_ATK003_c1ef62,C0184,A0184,CARD0184,D905,M0016,B_NONE,6934.55,INR,Chennai,2026-08-13T06:33:52,upi,True,ATK003
TX846B7C6CAB_ATK004_bb84c2,C0253,A0253,CARD0253,D00380,M0109,B770,1330.8,INR,Ahmedabad,2026-08-12T22:03:44,upi,True,ATK004
TX5A8365E1E6_ATK005_c38d7d,C0143,A0143,CARD0143,SYN7966,M0101,B729,405.96,INR,Delhi,2026-08-10T08:02:28,upi,True,ATK005
TXA375718310_ATK006_703125,C0287,A0287,CARD0287,D00429,M0031,B601,568.91,INR,Ahmedabad,2026-08-13T13:16:30,netbanking,True,ATK006
TXE55129179B_ATK001_21111f,C0071,A0071,CARD0071,D808,M0038,B_NONE,393.87,INR,Chennai,2026-07-21T23:34:38,card,True,ATK001
TX1E0B9D25A9_ATK002_ca8966,C0103,A0103,CARD0103,D623,M0122,B_NONE,1994.68,INR,Kolkata,2026-06-16T13:51:31,upi,True,ATK002
TX88E0846844_ATK003_ac27b8,C0179,A0179,CARD0179,D927,M0002,B_NONE,281.68,INR,Hyderabad,2026-08-12T23:33:39,upi,True,ATK003
TXD4B28EADBA_ATK004_0011b1,C0300,A0300,CARD0300,D00448,M0146,B802,10290.21,INR,Delhi,2026-08-05T21:13:40,upi,True,ATK004
TXF623A69AE1_ATK005_030263,C0106,A0106,CARD0106,SYN2521,M0026,B666,915.15,INR,Ahmedabad,2026-06-02T12:12:47,upi,True,ATK005
TXF117035F87_ATK006_48cd23,C0275,A0275,CARD0275,D00411,M0034,B645,483.69,INR,Ahmedabad,2026-07-07T18:08:52,upi,True,ATK006
TX7E9B032514_ATK001_3863ae,C0248,A0248,CARD0248,D509,M0049,B_NONE,387.33,INR,Chennai,2026-07-05T10:19:27,card,True,ATK001
TX166CA3293C_ATK002_b837d8,C0224,A0224,CARD0224,D490,M0087,B_NONE,2345.27,INR,Delhi,2026-06-30T23:50:28,wallet,True,ATK002
TX322B471151_ATK003_3040b2,C0273,A0273,CARD0273,D388,M0107,B_NONE,1415.33,INR,Kolkata,2026-08-11T14:15:57,card,True,ATK003
TX9357821F7B_ATK004_df53e0,C0291,A0291,CARD0291,D00437,M0078,B354,798.28,INR,Pune,2026-07-23T08:43:47,card,True,ATK004
TX004BBC9A92_ATK005_58bddd,C0143,A0143,CARD0143,SYN7947,M0101,B468,287.22,INR,Delhi,2026-07-28T11:45:36,upi,True,ATK005
TXA07C77ED57_ATK006_903f54,C0141,A0141,CARD0141,D00215,M0068,B118,287.29,INR,Delhi,2026-08-01T19:03:38,upi,True,ATK006
TX07A258B24C_ATK001_261eca,C0087,A0087,CARD0087,D372,M0028,B_NONE,2683.35,INR,Mumbai,2026-08-21T13:35:30,netbanking,True,ATK001
TX2648D4E14D_ATK002_8ecad3,C0214,A0214,CARD0214,D551,M0112,B_NONE,6233.09,INR,Bengaluru,2026-06-13T22:47:13,card,True,ATK002
TXBF19BDEFA6_ATK003_3a5a26,C0166,A0166,CARD0166,D329,M0114,B_NONE,360.61,INR,Hyderabad,2026-06-11T07:20:29,upi,True,ATK003
TXFB5BF07275_ATK004_4f8d50,C0084,A0084,CARD0084,D00121,M0022,B955,619.09,INR,Ahmedabad,2026-07-24T21:05:40,upi,True,ATK004
TX637E657817_ATK005_5992eb,C0157,A0157,CARD0157,SYN3314,M0123,B875,1175.21,INR,Delhi,2026-08-10T21:26:02,card,True,ATK005
TX6F1E819951_ATK006_93def4,C0245,A0245,CARD0245,D00368,M0052,B874,484.92,INR,Hyderabad,2026-07-27T05:54:43,wallet,True,ATK006
TXB39E717420_ATK001_9b9642,C0002,A0002,CARD0002,D757,M0087,B_NONE,501.56,INR,Chennai,2026-06-25T18:22:46,upi,True,ATK001
TX2B1AD53F31_ATK002_4e9c3d,C0145,A0145,CARD0145,D920,M0055,B_NONE,2251.88,INR,Delhi,2026-06-21T06:23:49,netbanking,True,ATK002
TX753EFA2C21_ATK003_497482,C0213,A0213,CARD0213,D498,M0050,B_NONE,192.45,INR,Kolkata,2026-08-15T15:28:39,card,True,ATK003
TX1041C06AB6_ATK004_4395e5,C0235,A0235,CARD0235,D00352,M0094,B967,816.34,INR,Chennai,2026-07-13T07:41:23,card,True,ATK004
TXBF00BCE173_ATK005_30ad5f,C0044,A0044,CARD0044,SYN4871,M0108,B136,15430.24,INR,Hyderabad,2026-08-11T09:44:53,upi,True,ATK005
TX64F38B8C0E_ATK006_65bb27,C0112,A0112,CARD0112,D00166,M0135,B229,1531.01,INR,Bangalore,2026-08-09T22:16:52,card,True,ATK006
TXE023034922_ATK001_38abc1,C0120,A0120,CARD0120,D964,M0146,B_NONE,503.91,INR,Kolkata,2026-06-14T22:58:27,card,True,ATK001
TXA5C0BC9B63_ATK002_2812bc,C0248,A0248,CARD0248,D190,M0049,B_NONE,133.07,INR,Kolkata,2026-08-17T10:07:59,netbanking,True,ATK002
TXFB1AAA5E7E_ATK003_f0a02d,C0266,A0266,CARD0266,D983,M0016,B0175,680.74,INR,Mumbai,2026-07-01T21:43:42,upi,True,ATK003
TX335AF26F13_ATK004_0da40e,C0245,A0245,CARD0245,D00369,M0058,B712,1003.36,INR,Hyderabad,2026-08-05T15:43:07,card,True,ATK004
TX86FD705670_ATK005_5fd7e7,C0141,A0141,CARD0141,SYN7189,M0068,B846,2039.96,INR,Delhi,2026-07-19T22:00:11,upi,True,ATK005
TX139EFDDC3E_ATK006_7df490,C0142,A0142,CARD0142,D00216,M0054,B202,604.12,INR,Kolkata,2026-08-06T11:18:47,netbanking,True,ATK006
TX8DAE506DC2_ATK001_702814,C0024,A0024,CARD0024,D839,M0017,B0085,6321.02,INR,Mumbai,2026-07-25T23:00:47,upi,True,ATK001
TXCBC422CD7E_ATK002_0bcc88,C0154,A0154,CARD0154,D589,M0045,B_NONE,10951.11,INR,Kolkata,2026-07-28T23:28:17,upi,True,ATK002
TX3BB66451A7_ATK003_7ab815,C0184,A0184,CARD0184,D941,M0108,B_NONE,10514.47,INR,Bengaluru,2026-06-24T11:15:35,upi,True,ATK003
TXC653D966DD_ATK004_e920a3,C0056,A0056,CARD0056,D00081,M0068,B511,9571.01,INR,Kolkata,2026-06-29T07:03:10,card,True,ATK004
TXB926E3C832_ATK005_9ed494,C0280,A0280,CARD0280,SYN4814,M0041,B581,99.1,INR,Delhi,2026-07-23T13:48:23,card,True,ATK005
TX5F393AEF2B_ATK006_0b3f39,C0033,A0033,CARD0033,D00050,M0080,B267,1890.37,INR,Hyderabad,2026-06-21T22:37:06,card,True,ATK006
TXDECB3132F7_ATK001_c263dc,C0087,A0087,CARD0087,D652,M0010,B_NONE,2295.93,INR,Kolkata,2026-08-03T13:34:32,card,True,ATK001
TX5BA4086CF4_ATK002_4bf895,C0142,A0142,CARD0142,D134,M0013,B_NONE,1225.84,INR,Delhi,2026-07-17T08:04:02,upi,True,ATK002
TX18D47FB491_ATK003_50f4de,C0103,A0103,CARD0103,D275,M0122,B_NONE,604.97,INR,Kolkata,2026-07-17T22:31:37,card,True,ATK003
TX7C46FBEDCA_ATK004_40ec5e,C0033,A0033,CARD0033,D00049,M0054,B682,2364.88,INR,Hyderabad,2026-08-02T20:43:02,card,True,ATK004
TX2F6D0704E5_ATK005_91591c,C0088,A0088,CARD0088,SYN5422,M0010,B604,1320.58,INR,Bangalore,2026-06-13T07:23:01,upi,True,ATK005
TX9BA8AAF528_ATK006_818683,C0218,A0218,CARD0218,D00328,M0070,B988,574.11,INR,Bangalore,2026-06-05T13:50:01,card,True,ATK006
TXA28A0DB524_ATK001_a757dd,C0279,A0279,CARD0279,D867,M0015,B_NONE,2474.71,INR,Mumbai,2026-07-22T14:51:50,upi,True,ATK001
TX2354616B18_ATK002_29f501,C0093,A0093,CARD0093,D812,M0110,B_NONE,8316.07,INR,Kolkata,2026-07-03T19:10:37,upi,True,ATK002
TX9460625DE4_ATK003_a90735,C0292,A0292,CARD0292,D382,M0082,B_NONE,440.46,INR,Delhi,2026-06-19T08:24:27,upi,True,ATK003
TX7174A5BD6A_ATK004_979936,C0211,A0211,CARD0211,D00317,M0068,B673,10446.74,INR,Hyderabad,2026-08-12T13:27:47,upi,True,ATK004
TXF17B501921_ATK005_ba214e,C0117,A0117,CARD0117,SYN6658,M0008,B449,1709.92,INR,Bangalore,2026-07-14T22:46:17,upi,True,ATK005
TX7B47724B62_ATK006_0b26bf,C0197,A0197,CARD0197,D00294,M0044,B547,584.35,INR,Kolkata,2026-07-06T23:20:03,card,True,ATK006
TXEBE255C7DB_ATK001_61c25b,C0156,A0156,CARD0156,D830,M0134,B_NONE,483.39,INR,Hyderabad,2026-08-02T14:51:33,card,True,ATK001
TX6916E80FAC_ATK002_96f686,C0223,A0223,CARD0223,D936,M0038,B_NONE,1160.68,INR,Mumbai,2026-08-14T15:28:54,netbanking,True,ATK002
TX72B4ED2180_ATK003_5848f1,C0041,A0041,CARD0041,D407,M0083,B_NONE,4003.61,INR,Mumbai,2026-08-27T14:50:33,upi,True,ATK003
TXE60746C337_ATK004_b8a6f9,C0151,A0151,CARD0151,D00231,M0068,B341,773.94,INR,Hyderabad,2026-08-22T22:43:14,upi,True,ATK004
TX5FCBC16AE7_ATK005_133981,C0226,A0226,CARD0226,SYN5199,M0002,B525,4285.99,INR,Chennai,2026-08-17T23:12:57,card,True,ATK005
TX5A8BFE3293_ATK006_baab67,C0141,A0141,CARD0141,D00215,M0076,B726,468.97,INR,Delhi,2026-06-13T21:31:37,card,True,ATK006
TXE59F95B347_ATK001_4869ee,C0251,A0251,CARD0251,D107,M0036,B0087,7962.89,INR,Kolkata,2026-08-01T22:53:27,netbanking,True,ATK001
TXBE5F83D73C_ATK002_936940,C0112,A0112,CARD0112,D714,M0095,B_NONE,4950.38,INR,Mumbai,2026-08-10T20:59:08,netbanking,True,ATK002
TX137DB9D60A_ATK003_f55224,C0244,A0244,CARD0244,D261,M0037,B_NONE,675.91,INR,Bengaluru,2026-07-23T22:17:48,wallet,True,ATK003
TX87F521B18F_ATK004_f4faa8,C0018,A0018,CARD0018,D00029,M0116,B263,7480.36,INR,Hyderabad,2026-08-09T22:16:05,upi,True,ATK004
TX4CF5791F2D_ATK005_5bb48e,C0061,A0061,CARD0061,SYN7810,M0108,B553,851.14,INR,Delhi,2026-07-27T21:33:53,upi,True,ATK005
TXCFBC4EDC2C_ATK006_2dfc41,C0042,A0042,CARD0042,D00062,M0062,B388,504.44,INR,Mumbai,2026-08-03T07:28:10,card,True,ATK006
TX49EA2969BB_ATK001_66f54d,C0227,A0227,CARD0227,D529,M0114,B0196,3938.71,INR,Bengaluru,2026-07-28T12:13:32,upi,True,ATK001
TXFE99660AD1_ATK002_e867b9,C0227,A0227,CARD0227,D410,M0012,B_NONE,5756.54,INR,Chennai,2026-08-16T12:42:22,upi,True,ATK002
TX098FBBE0E2_ATK003_b71792,C0138,A0138,CARD0138,D793,M0018,B_NONE,1080.4,INR,Bengaluru,2026-08-17T19:04:04,upi,True,ATK003
TX7FA9CDD635_ATK004_5ebde8,C0233,A0233,CARD0233,D00350,M0001,B229,578.78,INR,Mumbai,2026-07-02T09:03:19,card,True,ATK004
TX9FAD475918_ATK005_e801e5,C0190,A0190,CARD0190,SYN6980,M0071,B600,247.86,INR,Pune,2026-07-29T22:26:24,wallet,True,ATK005
TX1490DC185B_ATK006_a1880c,C0300,A0300,CARD0300,D00448,M0101,B651,2281.0,INR,Delhi,2026-08-14T23:01:09,card,True,ATK006
TXF02D3B463A_ATK001_1735dc,C0039,A0039,CARD0039,D703,M0018,B_NONE,1416.82,INR,Mumbai,2026-06-16T15:46:50,upi,True,ATK001
TXE6B366B7EA_ATK002_367def,C0164,A0164,CARD0164,D203,M0056,B_NONE,1207.15,INR,Kolkata,2026-08-07T05:47:35,upi,True,ATK002
TXCB0C1BF3A7_ATK003_3e4a12,C0275,A0275,CARD0275,D103,M0052,B_NONE,480.47,INR,Mumbai,2026-06-04T13:49:26,card,True,ATK003
TXD77231FE7D_ATK004_1bc99a,C0283,A0283,CARD0283,D00423,M0079,B125,2182.02,INR,Kolkata,2026-06-25T12:04:34,wallet,True,ATK004
TX78CA30FAB8_ATK005_07c0c7,C0118,A0118,CARD0118,SYN7786,M0090,B631,1713.71,INR,Hyderabad,2026-07-25T22:01:50,card,True,ATK005
TX0E5FDACE38_ATK006_a4cf62,C0252,A0252,CARD0252,D00379,M0026,B474,640.48,INR,Mumbai,2026-07-29T20:24:07,card,True,ATK006
TX1BA90E6D73_ATK001_2594aa,C0143,A0143,CARD0143,D333,M0102,B0115,461.44,INR,Mumbai,2026-06-13T07:18:00,wallet,True,ATK001
TX1D7BCB6CB0_ATK002_3b7e0c,C0034,A0034,CARD0034,D304,M0115,B_NONE,3209.26,INR,Bengaluru,2026-06-19T13:28:23,card,True,ATK002
TX194BB094E9_ATK003_d20d4d,C0247,A0247,CARD0247,D457,M0089,B0131,404.08,INR,Delhi,2026-05-31T01:43:32,upi,True,ATK003
TXCF76EB2832_ATK004_fd405a,C0288,A0288,CARD0288,D00432,M0035,B434,3159.75,INR,Pune,2026-06-19T10:20:55,card,True,ATK004
TX6D64B420AC_ATK005_687d5a,C0245,A0245,CARD0245,SYN6333,M0110,B349,972.47,INR,Hyderabad,2026-06-28T14:16:36,netbanking,True,ATK005
TX51C9F567A7_ATK006_bfc4af,C0040,A0040,CARD0040,D00058,M0105,B748,424.04,INR,Mumbai,2026-08-28T15:46:27,upi,True,ATK006
TX1490C6B4CC_ATK001_425292,C0097,A0097,CARD0097,D358,M0031,B_NONE,496.17,INR,Kolkata,2026-07-05T09:53:49,card,True,ATK001
TX33F8DADC77_ATK002_95918f,C0217,A0217,CARD0217,D184,M0006,B_NONE,1271.14,INR,Hyderabad,2026-07-14T21:35:46,card,True,ATK002
TXBE72C61F48_ATK003_3fe3e2,C0235,A0235,CARD0235,D938,M0147,B_NONE,572.76,INR,Bengaluru,2026-08-12T11:06:08,card,True,ATK003
TX1A531A47B5_ATK004_e40cee,C0273,A0273,CARD0273,D00409,M0107,B169,1832.79,INR,Hyderabad,2026-07-18T15:47:46,upi,True,ATK004
TX18E2BFA132_ATK005_6990af,C0166,A0166,CARD0166,SYN7121,M0007,B440,568.41,INR,Mumbai,2026-05-31T08:51:47,upi,True,ATK005
TX28E3D82E6F_ATK006_035a7d,C0084,A0084,CARD0084,D00121,M0067,B973,463.48,INR,Ahmedabad,2026-06-01T21:49:56,upi,True,ATK006
TXE4C34E7461_ATK001_cb9c01,C0194,A0194,CARD0194,D573,M0011,B0004,2784.04,INR,Mumbai,2026-07-24T18:16:25,card,True,ATK001
TX80E36A4AAD_ATK002_4e44a5,C0137,A0137,CARD0137,D410,M0050,B0076,3320.13,INR,Hyderabad,2026-08-21T14:34:43,upi,True,ATK002
TX942AF827D3_ATK003_4f9e4c,C0057,A0057,CARD0057,D798,M0122,B_NONE,873.81,INR,Bengaluru,2026-06-15T05:40:11,netbanking,True,ATK003
TX8C97E24F5E_ATK004_356ea4,C0084,A0084,CARD0084,D00121,M0017,B989,703.36,INR,Ahmedabad,2026-07-05T22:34:53,card,True,ATK004
TX1F84C44B0E_ATK005_ed0a12,C0299,A0299,CARD0299,SYN5194,M0029,B600,1134.38,INR,Pune,2026-08-05T22:31:41,netbanking,True,ATK005
TX87B9960549_ATK006_c0ad2a,C0240,A0240,CARD0240,D00361,M0142,B620,2206.68,INR,Mumbai,2026-07-14T00:55:03,wallet,True,ATK006
TX029A716838_ATK001_23d537,C0182,A0182,CARD0182,D208,M0071,B_NONE,1933.24,INR,Bengaluru,2026-08-24T21:24:12,card,True,ATK001
TXC0FC51AF4B_ATK002_650bcf,C0084,A0084,CARD0084,D787,M0100,B0083,1576.98,INR,Delhi,2026-06-04T22:45:41,netbanking,True,ATK002
TXA160187744_ATK003_87f30f,C0014,A0014,CARD0014,D648,M0121,B_NONE,1410.31,INR,Hyderabad,2026-08-15T21:04:46,upi,True,ATK003
TX3ED2771D90_ATK004_2c39a4,C0166,A0166,CARD0166,D00250,M0002,B804,836.86,INR,Mumbai,2026-06-13T10:38:18,card,True,ATK004
TX01900A10EB_ATK005_1f66fa,C0017,A0017,CARD0017,SYN6744,M0012,B537,857.01,INR,Mumbai,2026-07-05T14:38:34,card,True,ATK005
TXF5D92B0D94_ATK006_105603,C0178,A0178,CARD0178,D00268,M0114,B661,125.4,INR,Delhi,2026-07-28T14:15:04,upi,True,ATK006
TX8E32BF95C4_ATK001_bc9a02,C0032,A0032,CARD0032,D284,M0053,B_NONE,1025.33,INR,Chennai,2026-07-08T05:01:40,card,True,ATK001
TXEE71BBE700_ATK002_d7e602,C0284,A0284,CARD0284,D124,M0066,B_NONE,6217.53,INR,Bengaluru,2026-06-19T15:03:16,upi,True,ATK002
TX186E8A397E_ATK003_e21f1b,C0144,A0144,CARD0144,D903,M0110,B0034,762.82,INR,Delhi,2026-08-13T00:36:19,upi,True,ATK003
TX0EB3C7BF7D_ATK004_c9265b,C0010,A0010,CARD0010,D00018,M0124,B224,1053.64,INR,Hyderabad,2026-08-25T23:59:54,card,True,ATK004
TX5D7F65F642_ATK005_d65120,C0141,A0141,CARD0141,SYN4515,M0068,B740,428.26,INR,Delhi,2026-06-25T21:44:15,upi,True,ATK005
TX580594128A_ATK006_c20004,C0230,A0230,CARD0230,D00347,M0108,B595,948.05,INR,Kolkata,2026-07-20T19:45:12,wallet,True,ATK006
TXECCC4249E1_ATK001_b49e59,C0030,A0030,CARD0030,D637,M0108,B_NONE,2424.55,INR,Chennai,2026-07-18T20:59:21,upi,True,ATK001
TX1E60BC9610_ATK002_bbe60a,C0057,A0057,CARD0057,D387,M0118,B_NONE,1187.56,INR,Chennai,2026-07-17T13:39:55,card,True,ATK002
TX05153D0C99_ATK003_c47ff2,C0277,A0277,CARD0277,D859,M0146,B0119,562.18,INR,Bengaluru,2026-06-20T19:52:08,wallet,True,ATK003
TX289AE3AE53_ATK004_c5fa95,C0071,A0071,CARD0071,D00101,M0038,B278,935.34,INR,Mumbai,2026-07-23T22:14:51,wallet,True,ATK004
TX71D958DF76_ATK005_4326fd,C0207,A0207,CARD0207,SYN6542,M0055,B821,4474.36,INR,Hyderabad,2026-08-02T21:33:38,netbanking,True,ATK005
TX03CB429984_ATK006_2d1a16,C0060,A0060,CARD0060,D00086,M0064,B462,964.33,INR,Mumbai,2026-06-02T18:36:17,card,True,ATK006
TX54F8A0994D_ATK001_8d337d,C0131,A0131,CARD0131,D833,M0028,B_NONE,230.97,INR,Bengaluru,2026-08-19T21:56:41,netbanking,True,ATK001
TXA393D17F13_ATK002_48420a,C0158,A0158,CARD0158,D158,M0032,B_NONE,30855.64,INR,Hyderabad,2026-08-13T18:09:22,netbanking,True,ATK002
TXB299D0D7F3_ATK003_4ad240,C0277,A0277,CARD0277,D273,M0146,B_NONE,587.45,INR,Delhi,2026-08-05T19:16:15,upi,True,ATK003
TXCBD85A15CF_ATK004_b8df42,C0191,A0191,CARD0191,D00286,M0146,B992,1573.36,INR,Pune,2026-07-10T19:03:04,wallet,True,ATK004
TXBFE8CF3ACF_ATK005_7668d1,C0139,A0139,CARD0139,SYN3822,M0078,B691,1125.86,INR,Pune,2026-07-05T22:17:34,card,True,ATK005
TX3D34657D0D_ATK006_02a605,C0146,A0146,CARD0146,D00223,M0143,B601,719.81,INR,Hyderabad,2026-06-19T19:20:50,card,True,ATK006
TX55D8C7638D_ATK001_86a944,C0024,A0024,CARD0024,D582,M0040,B_NONE,11400.68,INR,Chennai,2026-06-10T18:07:14,card,True,ATK001
TX410EADBCC6_ATK002_e9be3d,C0229,A0229,CARD0229,D416,M0062,B_NONE,2208.98,INR,Kolkata,2026-08-28T14:18:19,card,True,ATK002
TX1C6BA925AD_ATK003_ea20eb,C0131,A0131,CARD0131,D702,M0046,B_NONE,626.27,INR,Hyderabad,2026-06-22T23:55:45,upi,True,ATK003
TX95ECB8DB6D_ATK004_dbe65d,C0213,A0213,CARD0213,D00321,M0044,B647,474.13,INR,Pune,2026-06-07T12:40:01,card,True,ATK004
TX914EE8E644_ATK005_75ec02,C0008,A0008,CARD0008,SYN2077,M0079,B785,2780.17,INR,Hyderabad,2026-07-17T15:58:55,wallet,True,ATK005
TXB7193C26DB_ATK006_ca77df,C0221,A0221,CARD0221,D00333,M0064,B689,540.83,INR,Hyderabad,2026-08-15T12:14:31,upi,True,ATK006
TX19FEC8A05E_ATK001_eeff88,C0011,A0011,CARD0011,D548,M0015,B_NONE,989.97,INR,Kolkata,2026-06-16T15:54:08,wallet,True,ATK001
TX45ACE41320_ATK002_a55438,C0288,A0288,CARD0288,D203,M0031,B_NONE,1936.51,INR,Chennai,2026-08-06T00:28:33,upi,True,ATK002
TXFEE854B966_ATK003_079198,C0204,A0204,CARD0204,D654,M0127,B_NONE,725.3,INR,Bengaluru,2026-07-20T04:57:19,upi,True,ATK003
TXF5F4923527_ATK004_361676,C0013,A0013,CARD0013,D00021,M0079,B965,2046.65,INR,Hyderabad,2026-06-08T12:27:50,upi,True,ATK004
TX0DB61BF4CE_ATK005_f64d4c,C0184,A0184,CARD0184,SYN4776,M0091,B496,12645.97,INR,Kolkata,2026-07-29T18:37:29,wallet,True,ATK005
TXF7B40CE7AF_ATK006_dce7db,C0124,A0124,CARD0124,D00188,M0115,B616,444.24,INR,Bangalore,2026-08-21T21:03:27,upi,True,ATK006
TXE776F33777_ATK001_1452ce,C0028,A0028,CARD0028,D468,M0084,B_NONE,4981.61,INR,Mumbai,2026-06-19T15:09:22,netbanking,True,ATK001
TX74D1583EDB_ATK002_9217fa,C0231,A0231,CARD0231,D654,M0005,B_NONE,2097.94,INR,Bengaluru,2026-08-11T08:38:43,card,True,ATK002
TXEC3B32514B_ATK003_c9af64,C0166,A0166,CARD0166,D692,M0003,B_NONE,202.37,INR,Chennai,2026-07-12T08:56:40,card,True,ATK003
TXC77BE0869A_ATK004_26af43,C0069,A0069,CARD0069,D00098,M0143,B612,1268.32,INR,Kolkata,2026-06-26T15:08:37,upi,True,ATK004
TX99ACBE09CC_ATK005_30ea65,C0046,A0046,CARD0046,SYN6416,M0141,B792,2769.09,INR,Hyderabad,2026-06-08T23:29:31,card,True,ATK005
TX2206E648F8_ATK006_b0fbc6,C0040,A0040,CARD0040,D00058,M0119,B807,300.83,INR,Mumbai,2026-07-04T12:10:10,card,True,ATK006
TXACF2183274_ATK001_3ce786,C0107,A0107,CARD0107,D307,M0023,B0187,869.07,INR,Delhi,2026-06-16T08:35:51,upi,True,ATK001
TX973E005DFC_ATK002_4307df,C0295,A0295,CARD0295,D145,M0012,B_NONE,11642.71,INR,Chennai,2026-07-02T15:43:25,card,True,ATK002
TX3D211B3656_ATK003_4b1306,C0122,A0122,CARD0122,D904,M0082,B_NONE,496.3,INR,Delhi,2026-06-01T12:22:44,netbanking,True,ATK003
TXAB7C4942C6_ATK004_3a2955,C0218,A0218,CARD0218,D00328,M0049,B991,1656.43,INR,Bangalore,2026-08-15T13:04:52,netbanking,True,ATK004
TXACFA496A3F_ATK005_0fa444,C0046,A0046,CARD0046,SYN4553,M0141,B214,2831.26,INR,Hyderabad,2026-07-27T23:19:13,card,True,ATK005
TX6282B01C8B_ATK006_487200,C0142,A0142,CARD0142,D00217,M0013,B584,567.32,INR,Kolkata,2026-08-17T13:00:55,netbanking,True,ATK006
TX35B14FDF83_ATK001_b3bd6a,C0085,A0085,CARD0085,D872,M0079,B_NONE,2240.79,INR,Chennai,2026-07-21T08:51:45,upi,True,ATK001
TXFC2FE13C54_ATK002_1d9616,C0169,A0169,CARD0169,D928,M0147,B_NONE,5211.89,INR,Delhi,2026-07-15T15:42:12,upi,True,ATK002
TXD6F9F01A29_ATK003_de9b1e,C0089,A0089,CARD0089,D623,M0008,B_NONE,1826.97,INR,Hyderabad,2026-06-22T23:57:52,netbanking,True,ATK003
TXE6B3CA613F_ATK004_d8d362,C0120,A0120,CARD0120,D00181,M0031,B869,812.31,INR,Delhi,2026-06-04T22:05:12,card,True,ATK004
TX1F9E6234D9_ATK005_368d5a,C0184,A0184,CARD0184,SYN4927,M0016,B211,29335.94,INR,Hyderabad,2026-06-01T19:15:12,card,True,ATK005
TX2B558885FE_ATK006_bd4d51,C0028,A0028,CARD0028,D00043,M0084,B816,4579.15,INR,Delhi,2026-07-08T14:42:04,upi,True,ATK006
TX2F592FB790_ATK001_5ce11e,C0284,A0284,CARD0284,D697,M0106,B0096,1446.34,INR,Delhi,2026-06-21T14:11:19,upi,True,ATK001
TXEDB918D76A_ATK002_0d73d9,C0236,A0236,CARD0236,D821,M0015,B_NONE,6271.1,INR,Bengaluru,2026-05-31T18:46:14,upi,True,ATK002
TXF5B2535D4F_ATK003_094070,C0055,A0055,CARD0055,D325,M0102,B_NONE,565.29,INR,Bengaluru,2026-08-05T21:54:22,card,True,ATK003
TXD56D9F5916_ATK004_132d69,C0223,A0223,CARD0223,D00336,M0038,B531,704.93,INR,Hyderabad,2026-08-08T12:43:46,upi,True,ATK004
TX16B0318207_ATK005_3469f1,C0018,A0018,CARD0018,SYN3413,M0058,B159,7793.62,INR,Hyderabad,2026-06-01T23:15:24,upi,True,ATK005
TXB38160C9B6_ATK006_ceaade,C0219,A0219,CARD0219,D00329,M0024,B478,534.21,INR,Hyderabad,2026-07-04T15:50:05,netbanking,True,ATK006
TXEDB86DC6B0_ATK001_d46ce9,C0252,A0252,CARD0252,D916,M0026,B_NONE,420.98,INR,Bengaluru,2026-06-25T21:38:57,card,True,ATK001
TXE03E54103C_ATK002_559dfd,C0143,A0143,CARD0143,D666,M0005,B_NONE,2053.23,INR,Bengaluru,2026-08-27T14:41:05,upi,True,ATK002
TX45A8FDC7AC_ATK003_0acd9d,C0217,A0217,CARD0217,D941,M0048,B_NONE,545.63,INR,Delhi,2026-07-20T19:00:56,card,True,ATK003
TX9C25FF146A_ATK004_c2965a,C0192,A0192,CARD0192,D00287,M0083,B925,4390.68,INR,Bangalore,2026-06-20T21:31:46,upi,True,ATK004
TXBACECC8907_ATK005_d0b6aa,C0230,A0230,CARD0230,SYN2012,M0069,B377,675.1,INR,Kolkata,2026-06-22T12:14:38,netbanking,True,ATK005
TX7A5E2AE164_ATK006_73ab56,C0226,A0226,CARD0226,D00340,M0046,B119,2663.09,INR,Chennai,2026-07-17T23:51:49,wallet,True,ATK006
TX4098A18851_ATK001_4ec720,C0084,A0084,CARD0084,D786,M0013,B_NONE,442.49,INR,Chennai,2026-06-21T22:20:01,card,True,ATK001
TXD49D54BAD7_ATK002_06815a,C0227,A0227,CARD0227,D303,M0065,B_NONE,11689.82,INR,Bengaluru,2026-07-05T15:41:26,netbanking,True,ATK002
TX04F8962038_ATK003_53bd47,C0210,A0210,CARD0210,D196,M0043,B0146,795.38,INR,Chennai,2026-06-12T22:41:58,card,True,ATK003
TX5C8CDDFAC0_ATK004_725029,C0244,A0244,CARD0244,D00367,M0043,B880,1967.38,INR,Hyderabad,2026-06-15T19:22:33,upi,True,ATK004
TXF9A28B44D1_ATK005_ee977d,C0102,A0102,CARD0102,SYN2249,M0087,B385,1407.89,INR,Hyderabad,2026-06-11T12:56:50,card,True,ATK005
TX06B61B7621_ATK006_7939b0,C0117,A0117,CARD0117,D00174,M0002,B751,478.39,INR,Bangalore,2026-07-26T21:28:55,card,True,ATK006
TX04F7B75E03_ATK001_55bb0c,C0281,A0281,CARD0281,D247,M0072,B_NONE,343.53,INR,Hyderabad,2026-07-20T18:49:11,card,True,ATK001
TX70EC8BA6A1_ATK002_dabbf3,C0203,A0203,CARD0203,D564,M0088,B_NONE,2611.94,INR,Hyderabad,2026-07-12T15:36:23,upi,True,ATK002
TXB9E8D1B907_ATK003_dedab8,C0048,A0048,CARD0048,D211,M0095,B_NONE,499.29,INR,Kolkata,2026-07-25T21:22:41,upi,True,ATK003
TX9D7242AAFF_ATK004_02afe7,C0242,A0242,CARD0242,D00364,M0016,B785,578.55,INR,Ahmedabad,2026-07-10T05:42:42,card,True,ATK004
TXD58E252C3F_ATK005_5ce7a8,C0122,A0122,CARD0122,SYN9802,M0027,B949,237.88,INR,Bangalore,2026-08-12T13:27:06,upi,True,ATK005
TX1F675A2830_ATK006_254c78,C0141,A0141,CARD0141,D00215,M0148,B342,646.16,INR,Delhi,2026-07-16T19:59:20,card,True,ATK006
TX70A7FC4B93_ATK001_b0b309,C0213,A0213,CARD0213,D863,M0146,B_NONE,276.35,INR,Hyderabad,2026-07-24T15:47:40,wallet,True,ATK001
TX00FB4E4B25_ATK002_8eaca9,C0212,A0212,CARD0212,D185,M0092,B_NONE,34982.86,INR,Bengaluru,2026-08-15T12:28:23,upi,True,ATK002
TX5169890507_ATK003_c2cf76,C0060,A0060,CARD0060,D963,M0064,B_NONE,204.79,INR,Kolkata,2026-07-27T19:02:20,card,True,ATK003
TXCFF14327F4_ATK004_2a4600,C0154,A0154,CARD0154,D00234,M0103,B681,4102.0,INR,Bangalore,2026-06-22T22:30:45,upi,True,ATK004
TX66267DF402_ATK005_4f95d1,C0002,A0002,CARD0002,SYN5143,M0015,B671,251.26,INR,Delhi,2026-06-30T20:57:09,wallet,True,ATK005
TX458EB18876_ATK006_981673,C0150,A0150,CARD0150,D00229,M0123,B388,365.99,INR,Hyderabad,2026-06-18T14:37:52,card,True,ATK006
TX554CF730B5_ATK001_a74c24,C0273,A0273,CARD0273,D545,M0058,B_NONE,719.59,INR,Chennai,2026-07-14T13:26:52,upi,True,ATK001
TX7830486C17_ATK002_1b372e,C0046,A0046,CARD0046,D705,M0045,B0009,6102.04,INR,Delhi,2026-07-01T22:08:00,card,True,ATK002
TXC25ED6256F_ATK003_c71d94,C0011,A0011,CARD0011,D431,M0115,B_NONE,712.01,INR,Mumbai,2026-07-19T12:14:33,upi,True,ATK003
TXB1FFFA74E1_ATK004_005743,C0264,A0264,CARD0264,D00396,M0138,B260,449.37,INR,Mumbai,2026-06-30T15:20:41,card,True,ATK004
TXA070CD46A9_ATK005_853d6e,C0181,A0181,CARD0181,SYN7778,M0094,B818,3746.97,INR,Kolkata,2026-08-07T19:20:46,card,True,ATK005
TX9AB6365A58_ATK006_af5cd6,C0285,A0285,CARD0285,D00425,M0011,B759,208.18,INR,Chennai,2026-06-19T01:29:37,upi,True,ATK006
TX2D44B97BB2_ATK001_e2a9f0,C0020,A0020,CARD0020,D973,M0122,B_NONE,814.21,INR,Bengaluru,2026-06-16T10:51:11,card,True,ATK001
TX8669647E9C_ATK002_90917f,C0040,A0040,CARD0040,D516,M0105,B_NONE,2232.54,INR,Bengaluru,2026-07-09T14:16:37,card,True,ATK002
TX6857F70D77_ATK003_d4556d,C0043,A0043,CARD0043,D330,M0077,B_NONE,482.11,INR,Hyderabad,2026-07-07T21:53:22,card,True,ATK003
TX98385C9E70_ATK004_7ec733,C0194,A0194,CARD0194,D00290,M0106,B907,5468.76,INR,Delhi,2026-07-08T22:11:46,card,True,ATK004
TXF52032595E_ATK005_4be51f,C0145,A0145,CARD0145,SYN7529,M0086,B709,1870.91,INR,Mumbai,2026-08-24T12:10:01,wallet,True,ATK005
TX875CF777DF_ATK006_fcfca8,C0273,A0273,CARD0273,D00409,M0021,B726,1210.94,INR,Mumbai,2026-08-22T12:54:12,upi,True,ATK006
TX6DA634C0FC_ATK001_a44127,C0172,A0172,CARD0172,D652,M0111,B_NONE,1673.53,INR,Hyderabad,2026-07-05T18:05:37,upi,True,ATK001
TX8161888281_ATK002_eaacd4,C0170,A0170,CARD0170,D378,M0088,B_NONE,2840.03,INR,Mumbai,2026-07-21T23:51:57,upi,True,ATK002
TXE75746D689_ATK003_23e24b,C0104,A0104,CARD0104,D787,M0066,B_NONE,1678.28,INR,Mumbai,2026-06-01T21:33:02,card,True,ATK003
TX3C63DC3BDF_ATK004_6f591c,C0173,A0173,CARD0173,D00259,M0114,B258,2216.42,INR,Ahmedabad,2026-08-24T22:13:10,upi,True,ATK004
TX34C1D202DA_ATK005_bb5bba,C0201,A0201,CARD0201,SYN1808,M0009,B681,3803.68,INR,Bangalore,2026-05-31T15:42:51,upi,True,ATK005
TXA7A9193CEF_ATK006_76e97d,C0065,A0065,CARD0065,D00092,M0092,B356,839.33,INR,Hyderabad,2026-06-22T23:33:50,upi,True,ATK006
TX6A0581E9BF_ATK001_6c2096,C0266,A0266,CARD0266,D967,M0016,B0058,1085.64,INR,Chennai,2026-06-03T22:00:30,card,True,ATK001
TX46FB543383_ATK002_ed7de3,C0252,A0252,CARD0252,D728,M0105,B_NONE,1343.7,INR,Delhi,2026-08-05T21:24:26,card,True,ATK002
TX9F21BFA14F_ATK003_d8cf9f,C0107,A0107,CARD0107,D977,M0060,B_NONE,321.05,INR,Hyderabad,2026-06-08T12:01:25,upi,True,ATK003
TX2E066940EA_ATK004_0bf75e,C0207,A0207,CARD0207,D00311,M0095,B700,3526.48,INR,Hyderabad,2026-06-21T22:55:59,upi,True,ATK004
TXDDFDD2FA4B_ATK005_f112bc,C0194,A0194,CARD0194,SYN8488,M0010,B417,9164.35,INR,Delhi,2026-08-28T19:53:40,upi,True,ATK005
TXFC84DE7E47_ATK006_864b75,C0243,A0243,CARD0243,D00365,M0075,B831,4273.16,INR,Hyderabad,2026-07-28T15:19:37,card,True,ATK006
TXEBBA3B5ED5_ATK001_f0473f,C0122,A0122,CARD0122,D884,M0027,B_NONE,223.91,INR,Delhi,2026-08-23T14:48:29,upi,True,ATK001
TXF95BD2D289_ATK002_d1eeac,C0198,A0198,CARD0198,D280,M0144,B_NONE,3213.71,INR,Kolkata,2026-06-25T12:19:19,upi,True,ATK002
TX3B99EED4FB_ATK003_ccd16e,C0069,A0069,CARD0069,D752,M0143,B0104,296.78,INR,Kolkata,2026-06-18T12:09:26,upi,True,ATK003
TXA070C086C0_ATK004_bc9104,C0290,A0290,CARD0290,D00435,M0125,B299,2061.57,INR,Kolkata,2026-06-06T21:12:19,card,True,ATK004
TXEC55B04A83_ATK005_9d95e8,C0026,A0026,CARD0026,SYN3142,M0010,B138,2260.93,INR,Pune,2026-06-02T12:16:05,upi,True,ATK005
TX961DEF0726_ATK006_45efde,C0033,A0033,CARD0033,D00050,M0080,B808,1162.03,INR,Hyderabad,2026-08-01T23:49:25,upi,True,ATK006
TX4E5D3E2FD5_ATK001_15ef1a,C0014,A0014,CARD0014,D851,M0009,B_NONE,66.18,INR,Delhi,2026-08-23T22:10:24,card,True,ATK001
TXF97F22EAE4_ATK002_db405d,C0262,A0262,CARD0262,D271,M0140,B_NONE,3510.37,INR,Mumbai,2026-07-26T23:45:06,upi,True,ATK002
TX02BD75F099_ATK003_30c57d,C0080,A0080,CARD0080,D420,M0085,B_NONE,2350.79,INR,Bengaluru,2026-08-04T11:28:36,wallet,True,ATK003
TX0A5B57437C_ATK004_17eac3,C0206,A0206,CARD0206,D00309,M0094,B246,1122.17,INR,Hyderabad,2026-08-07T08:56:17,upi,True,ATK004
TX8A25D1023A_ATK005_c4e4c7,C0089,A0089,CARD0089,SYN6402,M0088,B266,1966.69,INR,Mumbai,2026-06-08T21:19:15,card,True,ATK005
TX6A101F881F_ATK006_a822a3,C0190,A0190,CARD0190,D00285,M0071,B556,351.18,INR,Pune,2026-07-13T22:02:02,upi,True,ATK006
TXE7FAAB183B_ATK001_3ff32c,C0204,A0204,CARD0204,D156,M0071,B_NONE,539.91,INR,Kolkata,2026-07-27T21:05:30,upi,True,ATK001
TX3D2381D8B0_ATK002_471c9a,C0124,A0124,CARD0124,D421,M0115,B_NONE,2015.7,INR,Bengaluru,2026-06-04T20:43:07,upi,True,ATK002
TX571EE5E366_ATK003_72d3c8,C0148,A0148,CARD0148,D625,M0024,B_NONE,501.06,INR,Mumbai,2026-08-26T23:08:17,card,True,ATK003
TXD66208B992_ATK004_548ee6,C0118,A0118,CARD0118,D00177,M0012,B770,2287.43,INR,Hyderabad,2026-05-31T21:27:42,upi,True,ATK004
TX07419616B8_ATK005_c91785,C0105,A0105,CARD0105,SYN6254,M0067,B272,1348.1,INR,Hyderabad,2026-08-26T14:39:34,upi,True,ATK005
TXC66AB0E79B_ATK006_f941de,C0157,A0157,CARD0157,D00239,M0116,B794,671.55,INR,Delhi,2026-06-27T04:45:28,upi,True,ATK006
TX3F39B059E8_ATK001_798c16,C0003,A0003,CARD0003,D279,M0010,B0040,1431.79,INR,Delhi,2026-07-12T07:42:08,upi,True,ATK001
TXA1D19EC6BC_ATK002_ef4b3f,C0089,A0089,CARD0089,D159,M0065,B_NONE,8275.08,INR,Kolkata,2026-06-24T21:10:30,upi,True,ATK002
TXD8B7871045_ATK003_c8446d,C0012,A0012,CARD0012,D318,M0141,B_NONE,357.99,INR,Kolkata,2026-07-14T15:38:56,upi,True,ATK003
TXD1E3944EEA_ATK004_829631,C0055,A0055,CARD0055,D00080,M0058,B295,2031.07,INR,Bangalore,2026-07-11T06:05:59,upi,True,ATK004
TXD125C69CCB_ATK005_5433ce,C0252,A0252,CARD0252,SYN1019,M0076,B513,465.56,INR,Mumbai,2026-07-07T21:19:52,netbanking,True,ATK005
TX642FCC16EA_ATK006_144744,C0201,A0201,CARD0201,D00300,M0111,B448,1081.02,INR,Bangalore,2026-08-26T12:25:48,card,True,ATK006
TX9B67B0CFF9_ATK001_11ac5d,C0113,A0113,CARD0113,D129,M0059,B_NONE,6327.92,INR,Kolkata,2026-06-21T10:23:20,netbanking,True,ATK001
TX4682423563_ATK002_cd779f,C0110,A0110,CARD0110,D234,M0051,B_NONE,2915.07,INR,Chennai,2026-08-15T12:34:14,upi,True,ATK002
TX35EE33D3C5_ATK003_89f692,C0128,A0128,CARD0128,D646,M0147,B_NONE,393.22,INR,Chennai,2026-06-07T10:59:11,upi,True,ATK003
TX7D34524C0F_ATK004_83a23a,C0300,A0300,CARD0300,D00448,M0146,B298,4859.56,INR,Delhi,2026-07-25T21:20:53,card,True,ATK004
TXB4378B6E68_ATK005_79ddf4,C0142,A0142,CARD0142,SYN3485,M0053,B852,2354.02,INR,Kolkata,2026-08-25T07:20:19,card,True,ATK005
TXF61F3A6F31_ATK006_6b3945,C0169,A0169,CARD0169,D00253,M0147,B904,973.74,INR,Kolkata,2026-07-15T14:58:06,upi,True,ATK006
TX604C20B028_ATK001_18842c,C0131,A0131,CARD0131,D680,M0017,B_NONE,714.22,INR,Bengaluru,2026-08-28T23:59:14,upi,True,ATK001
TX1A84190A6F_ATK002_919d7c,C0213,A0213,CARD0213,D271,M0075,B_NONE,1265.48,INR,Kolkata,2026-08-04T15:14:29,upi,True,ATK002
TXB22A3DE6F9_ATK003_26f45f,C0192,A0192,CARD0192,D108,M0052,B_NONE,2023.32,INR,Mumbai,2026-06-04T19:47:09,upi,True,ATK003
TX7E2B53F1F1_ATK004_7affee,C0155,A0155,CARD0155,D00237,M0030,B661,1666.39,INR,Chennai,2026-07-03T20:28:26,upi,True,ATK004
TX98CA777444_ATK005_2ad299,C0211,A0211,CARD0211,SYN3092,M0021,B124,6631.46,INR,Hyderabad,2026-07-21T04:12:29,upi,True,ATK005
TX5D4D0DC537_ATK006_440dc1,C0015,A0015,CARD0015,D00024,M0135,B161,755.64,INR,Mumbai,2026-08-11T08:29:49,card,True,ATK006
TX148482A864_ATK001_772615,C0227,A0227,CARD0227,D237,M0065,B_NONE,1165.0,INR,Bengaluru,2026-07-15T15:54:17,upi,True,ATK001
TX0728D1E5A5_ATK002_5443fb,C0292,A0292,CARD0292,D640,M0082,B_NONE,1953.59,INR,Kolkata,2026-06-12T10:04:34,netbanking,True,ATK002
TX1E75BA3DDE_ATK003_d41633,C0280,A0280,CARD0280,D780,M0146,B_NONE,332.41,INR,Delhi,2026-07-21T15:04:16,upi,True,ATK003
TXE5CF612050_ATK004_2b0b95,C0226,A0226,CARD0226,D00340,M0003,B897,4935.3,INR,Chennai,2026-06-13T23:44:52,card,True,ATK004
TX44399F921D_ATK005_31e3a3,C0055,A0055,CARD0055,SYN8633,M0085,B738,659.57,INR,Bangalore,2026-07-06T08:40:27,card,True,ATK005
TXE5701989E5_ATK006_555c24,C0166,A0166,CARD0166,D00250,M0064,B482,378.66,INR,Mumbai,2026-08-26T07:11:38,card,True,ATK006
TX4C792AA79C_ATK001_f3de86,C0257,A0257,CARD0257,D198,M0043,B_NONE,1644.73,INR,Mumbai,2026-07-24T23:32:06,card,True,ATK001
TXCDE4CEF611_ATK002_f06857,C0009,A0009,CARD0009,D898,M0133,B_NONE,2765.2,INR,Kolkata,2026-07-20T18:05:50,card,True,ATK002
TXB161464D7C_ATK003_387ce6,C0182,A0182,CARD0182,D780,M0071,B_NONE,1524.0,INR,Bengaluru,2026-07-25T07:40:49,upi,True,ATK003
TX589F318B8A_ATK004_10d924,C0052,A0052,CARD0052,D00075,M0117,B871,418.77,INR,Mumbai,2026-07-31T22:39:51,wallet,True,ATK004
TX2F255BABE9_ATK005_75cd98,C0209,A0209,CARD0209,SYN4549,M0021,B623,782.51,INR,Mumbai,2026-06-20T19:44:08,netbanking,True,ATK005
TX18548B896E_ATK006_9b20d6,C0273,A0273,CARD0273,D00409,M0058,B443,847.72,INR,Hyderabad,2026-07-23T10:35:59,upi,True,ATK006
TXDC98F74D20_ATK001_618f2c,C0042,A0042,CARD0042,D278,M0053,B0014,417.11,INR,Delhi,2026-06-26T08:07:31,upi,True,ATK001
TX0613BC0C6B_ATK002_b00c71,C0030,A0030,CARD0030,D590,M0001,B_NONE,4664.28,INR,Bengaluru,2026-07-31T18:33:44,netbanking,True,ATK002
TX23B33EDE3E_ATK003_b046ab,C0040,A0040,CARD0040,D304,M0120,B_NONE,241.08,INR,Bengaluru,2026-07-03T14:51:12,netbanking,True,ATK003
TXB8C4790F51_ATK004_a1168a,C0149,A0149,CARD0149,D00227,M0058,B120,1514.64,INR,Kolkata,2026-08-25T12:38:57,card,True,ATK004
TX068B3C5C10_ATK005_ed07cd,C0152,A0152,CARD0152,SYN2448,M0146,B256,1416.12,INR,Chennai,2026-07-05T09:25:48,card,True,ATK005
TX61DB1ECDDF_ATK006_ccd875,C0084,A0084,CARD0084,D00121,M0127,B280,254.1,INR,Ahmedabad,2026-06-05T22:51:28,upi,True,ATK006
TX7D74D52DFA_ATK001_459335,C0027,A0027,CARD0027,D116,M0009,B_NONE,213.77,INR,Kolkata,2026-07-02T12:23:37,card,True,ATK001
TX63F2AD46F6_ATK002_baf6c0,C0124,A0124,CARD0124,D887,M0106,B_NONE,2328.09,INR,Bengaluru,2026-07-05T21:42:57,card,True,ATK002
TX5362635429_ATK003_d74939,C0094,A0094,CARD0094,D413,M0025,B_NONE,1830.2,INR,Hyderabad,2026-07-17T01:02:31,upi,True,ATK003
TX4935AED0BC_ATK004_0ca4d9,C0080,A0080,CARD0080,D00115,M0081,B429,4775.58,INR,Ahmedabad,2026-07-29T11:43:25,wallet,True,ATK004
TXB2626CEC84_ATK005_6c6d08,C0017,A0017,CARD0017,SYN4854,M0040,B836,559.43,INR,Mumbai,2026-06-06T13:03:53,card,True,ATK005
TXCF071AF7C6_ATK006_d2a895,C0300,A0300,CARD0300,D00448,M0101,B227,2437.57,INR,Pune,2026-06-07T22:55:03,card,True,ATK006
TX52EFD993BB_ATK001_9581ae,C0045,A0045,CARD0045,D816,M0129,B_NONE,3250.92,INR,Delhi,2026-06-07T21:54:37,card,True,ATK001
TX196BB63F1A_ATK002_620198,C0104,A0104,CARD0104,D785,M0115,B0139,4792.57,INR,Bengaluru,2026-08-22T21:12:00,upi,True,ATK002
TXB1F5E03E41_ATK003_271004,C0224,A0224,CARD0224,D667,M0148,B_NONE,617.27,INR,Mumbai,2026-08-26T21:12:09,card,True,ATK003
TXE8F5FD6E2D_ATK004_a06b3a,C0143,A0143,CARD0143,D00218,M0081,B964,655.36,INR,Mumbai,2026-08-15T08:10:22,card,True,ATK004
TXBA60A3F79E_ATK005_182191,C0261,A0261,CARD0261,SYN4084,M0128,B531,530.28,INR,Mumbai,2026-08-16T13:40:49,upi,True,ATK005
TX16FB6F3E2D_ATK006_8ac5b3,C0081,A0081,CARD0081,D00116,M0112,B309,658.34,INR,Pune,2026-07-11T09:34:38,card,True,ATK006
TXD007C68ADF_ATK001_4fee09,C0089,A0089,CARD0089,D403,M0138,B_NONE,1634.85,INR,Delhi,2026-06-29T07:41:17,upi,True,ATK001
TXFF8BDAD4A1_ATK002_9e7a3d,C0069,A0069,CARD0069,D798,M0127,B_NONE,2261.62,INR,Chennai,2026-08-21T14:42:30,upi,True,ATK002
TXE239587574_ATK003_6b082d,C0130,A0130,CARD0130,D320,M0068,B_NONE,635.7,INR,Bengaluru,2026-07-29T16:43:16,upi,True,ATK003
TX8F533E255B_ATK004_b2cf7d,C0141,A0141,CARD0141,D00215,M0144,B244,877.65,INR,Pune,2026-06-09T18:49:13,upi,True,ATK004
TX54908DE184_ATK005_b2d5f2,C0025,A0025,CARD0025,SYN2032,M0019,B560,545.95,INR,Delhi,2026-07-15T02:30:04,card,True,ATK005
TX5D2C6958D6_ATK006_c14ae5,C0049,A0049,CARD0049,D00071,M0123,B294,441.64,INR,Pune,2026-08-27T21:42:39,upi,True,ATK006
TX0E76491629_ATK001_314b61,C0109,A0109,CARD0109,D233,M0123,B_NONE,848.42,INR,Delhi,2026-06-04T10:36:07,upi,True,ATK001
TX9D64C91E4C_ATK002_50fa94,C0091,A0091,CARD0091,D718,M0104,B_NONE,2468.52,INR,Hyderabad,2026-07-14T15:25:24,wallet,True,ATK002
TXF5F54F5148_ATK003_e6b622,C0141,A0141,CARD0141,D788,M0114,B_NONE,511.93,INR,Kolkata,2026-08-25T19:34:27,wallet,True,ATK003
TX3B3945F2FD_ATK004_1107a8,C0289,A0289,CARD0289,D00433,M0024,B413,1245.01,INR,Hyderabad,2026-06-02T10:58:08,card,True,ATK004
TX7193DCE15E_ATK005_452a7f,C0252,A0252,CARD0252,SYN5366,M0102,B106,272.86,INR,Mumbai,2026-06-15T21:15:18,upi,True,ATK005
TX493AE18A4A_ATK006_d607f2,C0134,A0134,CARD0134,D00201,M0081,B136,2530.42,INR,Chennai,2026-06-21T17:33:56,card,True,ATK006
TX8DCD12CD1D_ATK001_6fa0e4,C0152,A0152,CARD0152,D881,M0122,B_NONE,846.07,INR,Bengaluru,2026-07-08T11:24:51,upi,True,ATK001
TXF1EDFA69CD_ATK002_a1c72d,C0255,A0255,CARD0255,D768,M0094,B0031,1146.29,INR,Mumbai,2026-08-22T09:20:52,upi,True,ATK002
TXC656428C1C_ATK003_42dd3a,C0270,A0270,CARD0270,D573,M0009,B_NONE,247.67,INR,Chennai,2026-05-31T22:44:23,upi,True,ATK003
TX4131A95ABA_ATK004_66e470,C0053,A0053,CARD0053,D00077,M0100,B696,14196.79,INR,Mumbai,2026-06-08T15:59:08,card,True,ATK004
TX72CD420824_ATK005_e1fc75,C0248,A0248,CARD0248,SYN9091,M0088,B470,1138.99,INR,Ahmedabad,2026-06-11T11:54:23,card,True,ATK005
TX269B25E70C_ATK006_314d18,C0208,A0208,CARD0208,D00312,M0002,B553,2898.97,INR,Kolkata,2026-07-08T13:56:45,card,True,ATK006
TX22BA749B21_ATK001_a2bdae,C0183,A0183,CARD0183,D826,M0015,B_NONE,561.72,INR,Bengaluru,2026-08-06T08:13:08,netbanking,True,ATK001
TXA22A4754D8_ATK002_a95746,C0250,A0250,CARD0250,D713,M0004,B_NONE,4459.24,INR,Mumbai,2026-07-17T22:49:50,card,True,ATK002
TX86D7DFD46D_ATK003_52ad0b,C0124,A0124,CARD0124,D331,M0063,B_NONE,590.38,INR,Hyderabad,2026-08-25T21:04:41,card,True,ATK003
TX6957E86E4A_ATK004_626849,C0087,A0087,CARD0087,D00126,M0010,B188,5813.31,INR,Pune,2026-07-09T12:42:08,upi,True,ATK004
TX109F4AC535_ATK005_24ba47,C0201,A0201,CARD0201,SYN6362,M0069,B169,1235.18,INR,Bangalore,2026-08-22T14:55:23,card,True,ATK005
TX85B749D35B_ATK006_4e5cd6,C0235,A0235,CARD0235,D00352,M0146,B184,325.71,INR,Chennai,2026-06-26T06:36:24,card,True,ATK006
TX1C90442134_ATK001_dae6a9,C0116,A0116,CARD0116,D950,M0051,B0042,434.78,INR,Bengaluru,2026-07-16T12:10:10,upi,True,ATK001
TX0AAB2FB860_ATK002_4c40e2,C0253,A0253,CARD0253,D911,M0056,B_NONE,4260.94,INR,Bengaluru,2026-06-15T23:37:05,card,True,ATK002
TX86AE0D94CD_ATK003_9261bb,C0224,A0224,CARD0224,D177,M0007,B0036,657.09,INR,Hyderabad,2026-06-17T21:05:38,upi,True,ATK003
TX6621FD3E65_ATK004_b27ac4,C0244,A0244,CARD0244,D00367,M0134,B949,999.44,INR,Hyderabad,2026-06-11T19:23:13,card,True,ATK004
TX468CB7C209_ATK005_f7676e,C0164,A0164,CARD0164,SYN3158,M0055,B400,837.02,INR,Bangalore,2026-06-06T09:37:31,netbanking,True,ATK005
TX8A69FCA67C_ATK006_0e5003,C0284,A0284,CARD0284,D00424,M0017,B555,1132.24,INR,Mumbai,2026-08-11T12:35:58,card,True,ATK006
TX168CCE9349_ATK001_020bd6,C0155,A0155,CARD0155,D901,M0064,B_NONE,2370.41,INR,Kolkata,2026-06-17T19:48:40,upi,True,ATK001
TX39BEFE5C43_ATK002_917607,C0103,A0103,CARD0103,D917,M0018,B_NONE,2139.16,INR,Kolkata,2026-08-04T14:28:27,upi,True,ATK002
TX7627EA3F45_ATK003_0a03ce,C0112,A0112,CARD0112,D410,M0129,B_NONE,2002.61,INR,Mumbai,2026-06-14T04:47:14,card,True,ATK003
TXC082AA8E34_ATK004_ffb042,C0047,A0047,CARD0047,D00067,M0032,B395,1362.71,INR,Delhi,2026-06-26T21:14:22,card,True,ATK004
TX1030A92BE2_ATK005_56d5d3,C0116,A0116,CARD0116,SYN6352,M0051,B104,1104.27,INR,Bangalore,2026-08-09T12:21:04,netbanking,True,ATK005
TX31B32BF8B2_ATK006_6c4cc5,C0022,A0022,CARD0022,D00034,M0040,B540,394.78,INR,Mumbai,2026-08-26T23:26:06,card,True,ATK006
TX8F887E02A6_ATK001_dcfea4,C0002,A0002,CARD0002,D293,M0134,B_NONE,472.53,INR,Hyderabad,2026-08-28T19:33:50,upi,True,ATK001
TX82395EB30E_ATK002_0db308,C0069,A0069,CARD0069,D715,M0119,B_NONE,2195.14,INR,Bengaluru,2026-08-23T13:28:14,upi,True,ATK002
TX48A34E8632_ATK003_2b9e27,C0250,A0250,CARD0250,D774,M0049,B_NONE,1065.71,INR,Kolkata,2026-08-06T03:19:36,wallet,True,ATK003
TX4CF378B1FE_ATK004_0f7ad5,C0007,A0007,CARD0007,D00013,M0085,B375,2911.82,INR,Kolkata,2026-08-06T15:38:15,netbanking,True,ATK004
TX1EDDC7B3BD_ATK005_65ba36,C0214,A0214,CARD0214,SYN6541,M0113,B524,3173.07,INR,Chennai,2026-07-17T03:09:49,card,True,ATK005
TX6CAE999891_ATK006_686d5d,C0097,A0097,CARD0097,D00143,M0137,B748,305.52,INR,Ahmedabad,2026-06-01T16:53:50,card,True,ATK006
TX1819DFB6BA_ATK001_1c2fd6,C0295,A0295,CARD0295,D141,M0012,B_NONE,2763.03,INR,Bengaluru,2026-07-16T21:21:14,upi,True,ATK001
TX29C648708A_ATK002_81aed1,C0293,A0293,CARD0293,D157,M0013,B_NONE,8006.7,INR,Kolkata,2026-08-13T12:08:43,upi,True,ATK002
TX584A3EA38D_ATK003_90d686,C0052,A0052,CARD0052,D792,M0054,B_NONE,622.93,INR,Chennai,2026-06-02T22:52:58,upi,True,ATK003
TX5180FF4106_ATK004_3f187b,C0214,A0214,CARD0214,D00322,M0112,B450,3543.73,INR,Chennai,2026-08-19T21:01:24,netbanking,True,ATK004
TXA65E7A2313_ATK005_2d8293,C0194,A0194,CARD0194,SYN5400,M0052,B826,3931.07,INR,Delhi,2026-06-30T21:06:57,card,True,ATK005
TX353383CA7D_ATK006_10884a,C0069,A0069,CARD0069,D00098,M0127,B371,285.31,INR,Kolkata,2026-06-26T20:23:31,upi,True,ATK006
TXAE67E68E86_ATK001_dd65a4,C0286,A0286,CARD0286,D699,M0108,B_NONE,1021.76,INR,Mumbai,2026-08-20T21:14:58,upi,True,ATK001
TX6E377AC38A_ATK002_69509e,C0026,A0026,CARD0026,D504,M0007,B_NONE,3720.07,INR,Kolkata,2026-07-15T13:18:03,netbanking,True,ATK002
TX2F0CDF5E0F_ATK003_6da080,C0273,A0273,CARD0273,D601,M0058,B_NONE,1274.6,INR,Bengaluru,2026-06-21T12:47:55,card,True,ATK003
TXFEF11B0158_ATK004_d9943b,C0220,A0220,CARD0220,D00330,M0005,B892,882.96,INR,Ahmedabad,2026-06-03T22:49:21,upi,True,ATK004
TX29D10DE417_ATK005_bcb24c,C0075,A0075,CARD0075,SYN4234,M0041,B579,214.34,INR,Hyderabad,2026-08-19T15:55:55,netbanking,True,ATK005
TX48C234163F_ATK006_0bce4a,C0148,A0148,CARD0148,D00226,M0135,B771,674.84,INR,Bangalore,2026-08-08T18:13:59,upi,True,ATK006
TXA832A25F06_ATK001_a33026,C0040,A0040,CARD0040,D606,M0119,B_NONE,271.93,INR,Kolkata,2026-08-28T12:19:12,card,True,ATK001
TXC7BDA88E7B_ATK002_d7cfb4,C0141,A0141,CARD0141,D975,M0076,B_NONE,2743.0,INR,Chennai,2026-07-12T21:28:01,card,True,ATK002
TX571FAB643D_ATK003_01916a,C0257,A0257,CARD0257,D851,M0028,B_NONE,1387.44,INR,Chennai,2026-06-08T23:35:52,card,True,ATK003
TX5AA19B131D_ATK004_e571a3,C0145,A0145,CARD0145,D00221,M0084,B403,113.73,INR,Mumbai,2026-08-11T14:18:06,card,True,ATK004
TX1FC4D4B97B_ATK005_bac811,C0207,A0207,CARD0207,SYN9922,M0043,B414,2209.08,INR,Hyderabad,2026-07-02T22:22:22,card,True,ATK005
TXD91991A0E5_ATK006_531767,C0087,A0087,CARD0087,D00126,M0051,B420,991.66,INR,Pune,2026-07-21T13:13:14,card,True,ATK006
TX0F9EBEF592_ATK001_e658b8,C0283,A0283,CARD0283,D256,M0080,B_NONE,358.15,INR,Delhi,2026-08-16T14:57:13,card,True,ATK001
TX11B9C478BB_ATK002_159e7c,C0047,A0047,CARD0047,D568,M0128,B_NONE,2030.56,INR,Mumbai,2026-07-13T23:12:36,wallet,True,ATK002
TXD823E9DB61_ATK003_924afb,C0257,A0257,CARD0257,D227,M0063,B_NONE,1615.89,INR,Mumbai,2026-07-29T22:06:21,netbanking,True,ATK003
TX90C979DD5B_ATK004_29ae81,C0172,A0172,CARD0172,D00258,M0130,B832,3346.8,INR,Delhi,2026-07-01T09:00:27,wallet,True,ATK004
TXF22B51EB5C_ATK005_1e5baf,C0113,A0113,CARD0113,SYN2681,M0067,B536,6931.52,INR,Bangalore,2026-07-28T14:08:16,card,True,ATK005
TX934365C4BC_ATK006_6dd7a7,C0045,A0045,CARD0045,D00065,M0064,B155,2705.14,INR,Bangalore,2026-07-11T23:38:17,upi,True,ATK006
TXC86A30165C_ATK001_7f7e56,C0054,A0054,CARD0054,D167,M0114,B_NONE,567.17,INR,Hyderabad,2026-08-26T12:45:35,netbanking,True,ATK001
TX52C2F5922B_ATK002_fd3859,C0081,A0081,CARD0081,D251,M0081,B0063,2161.65,INR,Chennai,2026-07-13T09:06:26,card,True,ATK002
TX8573F2CD1E_ATK003_5131d6,C0264,A0264,CARD0264,D105,M0059,B_NONE,444.73,INR,Kolkata,2026-06-05T13:54:29,upi,True,ATK003
TX7E3A2450AC_ATK004_c229e7,C0047,A0047,CARD0047,D00067,M0121,B777,2051.5,INR,Delhi,2026-08-06T22:33:54,upi,True,ATK004
TXBDBE9D63A3_ATK005_209503,C0075,A0075,CARD0075,SYN9624,M0104,B394,325.19,INR,Hyderabad,2026-06-17T14:18:55,card,True,ATK005
TX1859E71AA1_ATK006_cd93a7,C0208,A0208,CARD0208,D00312,M0008,B553,1266.36,INR,Kolkata,2026-07-25T10:13:12,upi,True,ATK006
TX9B067ECE96_ATK001_aa69e0,C0261,A0261,CARD0261,D888,M0128,B_NONE,335.82,INR,Chennai,2026-06-14T13:56:39,card,True,ATK001
TX0E49A23B8B_ATK002_8e694b,C0281,A0281,CARD0281,D887,M0078,B_NONE,2661.65,INR,Bengaluru,2026-08-19T21:25:59,upi,True,ATK002
TX5021A115D4_ATK003_53f6f1,C0253,A0253,CARD0253,D594,M0060,B_NONE,1802.99,INR,Delhi,2026-06-03T22:53:04,card,True,ATK003
TX784B9566AC_ATK004_dd71c6,C0044,A0044,CARD0044,D00064,M0094,B166,10757.91,INR,Hyderabad,2026-06-12T09:49:33,upi,True,ATK004
TXDF7A4D8E7F_ATK005_e6393e,C0104,A0104,CARD0104,SYN8846,M0078,B758,1028.52,INR,Pune,2026-08-05T21:58:12,card,True,ATK005
TX93C2C5B288_ATK006_4def56,C0268,A0268,CARD0268,D00401,M0086,B603,286.13,INR,Mumbai,2026-08-19T21:02:08,wallet,True,ATK006
TXFAA263A164_ATK001_5fb863,C0173,A0173,CARD0173,D138,M0017,B_NONE,1547.69,INR,Hyderabad,2026-08-19T21:53:31,upi,True,ATK001
TX085197B93F_ATK002_b2dfe6,C0023,A0023,CARD0023,D157,M0111,B0160,5262.99,INR,Bengaluru,2026-06-10T10:27:17,upi,True,ATK002
TX71961F2F55_ATK003_079c9b,C0010,A0010,CARD0010,D803,M0076,B_NONE,469.41,INR,Chennai,2026-05-31T19:06:41,card,True,ATK003
TX8650F597F5_ATK004_e1e0a1,C0244,A0244,CARD0244,D00367,M0114,B438,1072.86,INR,Hyderabad,2026-07-08T19:25:57,netbanking,True,ATK004
TXDC134E6DB2_ATK005_afec35,C0134,A0134,CARD0134,SYN8430,M0008,B263,1671.34,INR,Chennai,2026-08-12T13:47:34,upi,True,ATK005
TXB7D500B1E4_ATK006_d3335a,C0146,A0146,CARD0146,D00223,M0103,B776,404.73,INR,Hyderabad,2026-06-23T22:17:17,card,True,ATK006
TX10E036CF12_ATK001_1f7c75,C0240,A0240,CARD0240,D494,M0120,B0042,420.42,INR,Kolkata,2026-08-04T23:32:19,card,True,ATK001
TXAAF715285B_ATK002_144a43,C0133,A0133,CARD0133,D546,M0008,B_NONE,42218.36,INR,Kolkata,2026-08-27T13:45:06,card,True,ATK002
TXBC64A44F10_ATK003_7cab9e,C0124,A0124,CARD0124,D735,M0115,B_NONE,503.3,INR,Kolkata,2026-06-08T10:26:53,card,True,ATK003
TXC6ADF53F6E_ATK004_30460a,C0291,A0291,CARD0291,D00437,M0101,B396,1073.53,INR,Pune,2026-07-10T07:38:10,upi,True,ATK004
TXB789E0DCC4_ATK005_4718c5,C0126,A0126,CARD0126,SYN7822,M0097,B128,1702.72,INR,Kolkata,2026-07-10T22:13:59,upi,True,ATK005
TX947B210E74_ATK006_720232,C0134,A0134,CARD0134,D00202,M0150,B110,1579.68,INR,Chennai,2026-06-23T12:42:48,upi,True,ATK006
TX334AAD05BE_ATK001_d5df44,C0129,A0129,CARD0129,D344,M0120,B_NONE,357.6,INR,Hyderabad,2026-08-10T14:33:12,upi,True,ATK001
TXE760C02722_ATK002_f63ca6,C0138,A0138,CARD0138,D272,M0125,B0021,2095.17,INR,Delhi,2026-08-04T09:19:24,upi,True,ATK002
TX4EC3B2D716_ATK003_c70ce3,C0235,A0235,CARD0235,D507,M0106,B_NONE,509.63,INR,Bengaluru,2026-07-26T03:17:05,upi,True,ATK003
TX453CB2D12C_ATK004_67d047,C0104,A0104,CARD0104,D00156,M0097,B873,2452.36,INR,Pune,2026-07-21T23:54:01,card,True,ATK004
TX904370A961_ATK005_a44ee8,C0249,A0249,CARD0249,SYN3457,M0060,B853,4701.15,INR,Hyderabad,2026-08-24T09:00:50,card,True,ATK005
TXBBF32D623B_ATK006_bec021,C0001,A0001,CARD0001,D00001,M0023,B531,792.01,INR,Mumbai,2026-06-17T10:14:54,card,True,ATK006
TXF6EFFE8F3F_ATK001_be4cca,C0224,A0224,CARD0224,D836,M0098,B_NONE,478.18,INR,Delhi,2026-08-26T21:40:30,card,True,ATK001
TX41472CA8B8_ATK002_656fed,C0194,A0194,CARD0194,D350,M0106,B0122,12549.9,INR,Kolkata,2026-07-01T19:30:39,upi,True,ATK002
TXD3816194D7_ATK003_0caab6,C0174,A0174,CARD0174,D899,M0145,B_NONE,1174.51,INR,Chennai,2026-06-16T21:36:24,upi,True,ATK003
TX64A007B508_ATK004_1dd1f2,C0113,A0113,CARD0113,D00168,M0115,B223,11389.87,INR,Bangalore,2026-08-18T14:15:02,wallet,True,ATK004
TXEABACE100B_ATK005_45e0f3,C0030,A0030,CARD0030,SYN8439,M0001,B388,2635.79,INR,Kolkata,2026-08-04T20:39:21,card,True,ATK005
TX6B678CFB15_ATK006_a87e32,C0236,A0236,CARD0236,D00353,M0105,B873,421.47,INR,Chennai,2026-07-07T21:01:22,wallet,True,ATK006
TXB08E4D132D_ATK001_7c6d2b,C0002,A0002,CARD0002,D125,M0087,B_NONE,451.51,INR,Bengaluru,2026-08-27T15:01:18,card,True,ATK001
TX6652508657_ATK002_da8cdf,C0207,A0207,CARD0207,D697,M0072,B_NONE,11335.25,INR,Delhi,2026-06-27T23:54:37,card,True,ATK002
TX04D08A9168_ATK003_5e4fae,C0112,A0112,CARD0112,D636,M0028,B_NONE,1264.41,INR,Mumbai,2026-07-07T22:56:35,upi,True,ATK003
TX05B4270230_ATK004_8afd35,C0214,A0214,CARD0214,D00322,M0085,B915,4158.85,INR,Chennai,2026-07-05T23:45:23,card,True,ATK004
TX39946436F5_ATK005_db06a6,C0141,A0141,CARD0141,SYN3332,M0148,B868,624.04,INR,Delhi,2026-08-22T20:51:58,wallet,True,ATK005
TXC0CC7FCE98_ATK006_2e3e1b,C0141,A0141,CARD0141,D00215,M0076,B762,468.83,INR,Delhi,2026-08-13T22:52:34,card,True,ATK006
TXD72CF05621_ATK001_f8c6c0,C0040,A0040,CARD0040,D566,M0105,B_NONE,619.5,INR,Bengaluru,2026-07-10T12:11:39,upi,True,ATK001
TXDBD4241A81_ATK002_3439b7,C0092,A0092,CARD0092,D636,M0021,B_NONE,254.75,INR,Mumbai,2026-06-07T08:17:39,upi,True,ATK002
TX72C05EFEDF_ATK003_31f373,C0126,A0126,CARD0126,D794,M0097,B_NONE,704.61,INR,Chennai,2026-07-29T22:43:31,card,True,ATK003
TX5E772E912F_ATK004_2d209b,C0151,A0151,CARD0151,D00230,M0081,B755,562.77,INR,Hyderabad,2026-06-06T13:43:29,card,True,ATK004
TX6147A17381_ATK005_210e52,C0075,A0075,CARD0075,SYN3317,M0008,B349,701.36,INR,Hyderabad,2026-08-04T15:31:28,upi,True,ATK005
TX50FFCC0671_ATK006_9ca5d8,C0142,A0142,CARD0142,D00216,M0013,B441,415.59,INR,Kolkata,2026-08-25T21:41:41,upi,True,ATK006
TXB24FBF8A65_ATK001_d3e52f,C0155,A0155,CARD0155,D578,M0137,B_NONE,2784.84,INR,Mumbai,2026-08-12T14:28:17,upi,True,ATK001
TXB87AEF6C10_ATK002_ac06c6,C0157,A0157,CARD0157,D240,M0116,B_NONE,1323.2,INR,Mumbai,2026-08-20T23:56:29,netbanking,True,ATK002
TX32DAFC17CA_ATK003_c505e1,C0112,A0112,CARD0112,D363,M0073,B_NONE,658.07,INR,Hyderabad,2026-06-03T20:36:12,upi,True,ATK003
TX82BA06C516_ATK004_d276c5,C0138,A0138,CARD0138,D00209,M0059,B712,3610.36,INR,Chennai,2026-07-29T10:48:37,card,True,ATK004
TXF61403C6C5_ATK005_75bd31,C0277,A0277,CARD0277,SYN5329,M0146,B245,1455.49,INR,Chennai,2026-08-23T21:46:40,card,True,ATK005
TX77AD077F75_ATK006_039796,C0279,A0279,CARD0279,D00416,M0111,B896,1258.45,INR,Pune,2026-06-27T15:13:09,upi,True,ATK006
TX62DAFAA481_ATK001_c3cf90,C0277,A0277,CARD0277,D742,M0117,B_NONE,760.61,INR,Kolkata,2026-06-04T21:44:02,upi,True,ATK001
TX170F342971_ATK002_9b10e5,C0120,A0120,CARD0120,D131,M0146,B0056,3143.7,INR,Bengaluru,2026-06-11T23:24:59,card,True,ATK002
TX273E815BA4_ATK003_808e0f,C0081,A0081,CARD0081,D241,M0022,B_NONE,791.53,INR,Chennai,2026-07-21T09:59:53,card,True,ATK003
TX4A744A7FAB_ATK004_f9ce5d,C0227,A0227,CARD0227,D00341,M0139,B378,7228.72,INR,Hyderabad,2026-07-04T14:23:27,card,True,ATK004
TX0CC1E667A3_ATK005_2c90a0,C0275,A0275,CARD0275,SYN2056,M0034,B620,421.63,INR,Ahmedabad,2026-07-02T13:41:56,card,True,ATK005
TXA1E8608C60_ATK006_1e47c8,C0239,A0239,CARD0239,D00357,M0074,B431,1152.92,INR,Mumbai,2026-07-17T19:41:25,card,True,ATK006
TX2C87D2A633_ATK001_a62441,C0094,A0094,CARD0094,D444,M0071,B_NONE,1343.58,INR,Chennai,2026-07-23T22:04:44,wallet,True,ATK001
TX5F13EBDB38_ATK002_981e02,C0126,A0126,CARD0126,D894,M0097,B_NONE,1259.55,INR,Bengaluru,2026-08-01T22:48:16,upi,True,ATK002
TXF8181A036D_ATK003_b768fb,C0011,A0011,CARD0011,D674,M0041,B_NONE,1560.82,INR,Bengaluru,2026-08-09T13:12:46,upi,True,ATK003
TXDC14E11074_ATK004_a6b594,C0188,A0188,CARD0188,D00282,M0130,B499,2113.79,INR,Kolkata,2026-07-21T07:06:12,card,True,ATK004
TXED1D9DC3A3_ATK005_e576eb,C0104,A0104,CARD0104,SYN1233,M0115,B660,1450.27,INR,Pune,2026-06-05T21:34:10,netbanking,True,ATK005
TX50F9361DBA_ATK006_62ad26,C0202,A0202,CARD0202,D00301,M0082,B678,122.46,INR,Pune,2026-06-15T23:47:44,upi,True,ATK006
TX561E8634ED_ATK001_60be85,C0093,A0093,CARD0093,D498,M0087,B0078,2801.87,INR,Chennai,2026-06-21T09:22:49,upi,True,ATK001
TX40861F1369_ATK002_6e4d35,C0284,A0284,CARD0284,D240,M0010,B_NONE,5088.27,INR,Bengaluru,2026-06-10T14:27:57,card,True,ATK002
TX613A3D337C_ATK003_61e029,C0236,A0236,CARD0236,D568,M0101,B_NONE,1691.46,INR,Bengaluru,2026-06-04T16:17:02,card,True,ATK003
TX440CB5FA46_ATK004_a01483,C0033,A0033,CARD0033,D00049,M0054,B697,2968.76,INR,Hyderabad,2026-07-11T18:58:08,card,True,ATK004
TX7EC4A69F0C_ATK005_6e6255,C0224,A0224,CARD0224,SYN1414,M0007,B281,1645.35,INR,Kolkata,2026-06-29T21:29:39,upi,True,ATK005
TX34127A0863_ATK006_9f1251,C0057,A0057,CARD0057,D00082,M0006,B174,586.98,INR,Delhi,2026-07-04T08:17:25,card,True,ATK006
TXA7A396B1A1_ATK001_1e8385,C0174,A0174,CARD0174,D556,M0139,B_NONE,689.84,INR,Bengaluru,2026-08-27T22:12:11,upi,True,ATK001
TX042BB1BFF1_ATK002_298029,C0078,A0078,CARD0078,D167,M0140,B_NONE,7853.32,INR,Chennai,2026-06-24T11:18:49,wallet,True,ATK002
TX84614C7D0E_ATK003_f2bbbf,C0144,A0144,CARD0144,D132,M0133,B_NONE,225.58,INR,Mumbai,2026-08-20T22:31:11,upi,True,ATK003
TXA2528FC089_ATK004_3a17a4,C0155,A0155,CARD0155,D00236,M0054,B470,4454.11,INR,Chennai,2026-07-24T20:42:12,upi,True,ATK004
TX1EB0A2C89C_ATK005_b05c4d,C0104,A0104,CARD0104,SYN3697,M0134,B236,1367.22,INR,Pune,2026-08-22T22:07:02,upi,True,ATK005
TX13C90DC1E3_ATK006_3e503d,C0081,A0081,CARD0081,D00116,M0149,B892,274.12,INR,Pune,2026-06-09T07:16:51,upi,True,ATK006
TX18CB8240D7_ATK001_72682d,C0157,A0157,CARD0157,D807,M0010,B0007,829.48,INR,Mumbai,2026-06-24T23:11:14,card,True,ATK001
TXC102CD0655_ATK002_aec7ec,C0124,A0124,CARD0124,D752,M0109,B_NONE,2657.08,INR,Mumbai,2026-06-28T22:51:09,upi,True,ATK002
TX7F3E5BC1F4_ATK003_2a5e52,C0194,A0194,CARD0194,D340,M0079,B_NONE,2763.43,INR,Hyderabad,2026-08-09T19:25:49,card,True,ATK003
TX52746C2B15_ATK004_80eac4,C0214,A0214,CARD0214,D00322,M0100,B901,3790.03,INR,Chennai,2026-08-05T04:50:35,netbanking,True,ATK004
TX5271791901_ATK005_78b297,C0026,A0026,CARD0026,SYN7770,M0052,B210,1695.9,INR,Pune,2026-06-27T14:16:47,wallet,True,ATK005
TXB43FC4BD1B_ATK006_35d892,C0069,A0069,CARD0069,D00098,M0077,B267,657.33,INR,Kolkata,2026-08-01T13:44:12,upi,True,ATK006
TX406BA893A4_ATK001_64d99a,C0078,A0078,CARD0078,D290,M0141,B_NONE,1684.81,INR,Mumbai,2026-07-04T09:12:13,upi,True,ATK001
TX80A24D621B_ATK002_147efd,C0145,A0145,CARD0145,D176,M0084,B_NONE,3988.21,INR,Chennai,2026-06-16T13:14:19,card,True,ATK002
TX540C0716C8_ATK003_39e154,C0020,A0020,CARD0020,D954,M0131,B_NONE,719.68,INR,Mumbai,2026-06-30T11:02:12,wallet,True,ATK003
TX1B7F4E2044_ATK004_2defa2,C0001,A0001,CARD0001,D00001,M0019,B478,1363.83,INR,Mumbai,2026-08-19T11:17:42,wallet,True,ATK004
TX5406AABC90_ATK005_33b633,C0143,A0143,CARD0143,SYN6250,M0134,B825,1142.93,INR,Delhi,2026-08-10T18:24:35,upi,True,ATK005
TX6B3D9F0416_ATK006_cc3698,C0215,A0215,CARD0215,D00323,M0130,B699,762.13,INR,Chennai,2026-08-02T23:40:36,card,True,ATK006
TXCE210428E3_ATK001_a8cc3e,C0184,A0184,CARD0184,D506,M0106,B_NONE,11568.37,INR,Chennai,2026-07-26T19:34:29,card,True,ATK001
TX94EE39F256_ATK002_b14768,C0227,A0227,CARD0227,D415,M0065,B_NONE,11294.75,INR,Delhi,2026-06-29T12:22:15,upi,True,ATK002
TX35B43322B9_ATK003_bc8847,C0032,A0032,CARD0032,D837,M0088,B_NONE,640.59,INR,Chennai,2026-06-26T21:19:06,upi,True,ATK003
TX6862B8B55A_ATK004_1f0f13,C0194,A0194,CARD0194,D00291,M0146,B540,6722.57,INR,Ahmedabad,2026-07-13T19:49:11,upi,True,ATK004
TX2D8344008A_ATK005_e55c3a,C0106,A0106,CARD0106,SYN6797,M0127,B598,428.85,INR,Bangalore,2026-07-23T03:17:13,netbanking,True,ATK005
TX3D5F5A7EB4_ATK006_0b3c40,C0066,A0066,CARD0066,D00094,M0011,B673,419.75,INR,Bangalore,2026-06-30T15:47:30,wallet,True,ATK006
TXD8515349CF_ATK001_164d24,C0081,A0081,CARD0081,D221,M0081,B_NONE,460.5,INR,Chennai,2026-07-22T08:00:18,wallet,True,ATK001
TX3242128056_ATK002_c167c0,C0236,A0236,CARD0236,D393,M0015,B_NONE,3852.3,INR,Delhi,2026-08-19T19:13:23,upi,True,ATK002
TXE3FA0B2289_ATK003_b4a7e6,C0226,A0226,CARD0226,D170,M0002,B_NONE,1593.35,INR,Delhi,2026-06-05T21:46:52,wallet,True,ATK003
TXF1074CF25D_ATK004_b0bda9,C0043,A0043,CARD0043,D00063,M0042,B233,797.66,INR,Ahmedabad,2026-07-27T18:36:36,card,True,ATK004
TX43D074EE68_ATK005_4ce667,C0190,A0190,CARD0190,SYN2796,M0031,B291,330.76,INR,Pune,2026-06-01T18:58:53,upi,True,ATK005
TX5CB13084C8_ATK006_e16476,C0183,A0183,CARD0183,D00274,M0042,B201,646.55,INR,Kolkata,2026-07-24T10:04:30,card,True,ATK006
TX44DD53B1FF_ATK001_486e3e,C0221,A0221,CARD0221,D495,M0065,B_NONE,991.4,INR,Delhi,2026-07-26T14:48:48,card,True,ATK001
TXCAC7CCA9C5_ATK002_7542d9,C0061,A0061,CARD0061,D143,M0122,B_NONE,4014.94,INR,Hyderabad,2026-06-30T19:22:55,card,True,ATK002
TX0124380C84_ATK003_91b151,C0227,A0227,CARD0227,D852,M0065,B_NONE,3459.31,INR,Chennai,2026-07-18T14:01:34,netbanking,True,ATK003
TXAABB859D43_ATK004_074947,C0277,A0277,CARD0277,D00414,M0021,B268,615.81,INR,Chennai,2026-08-15T21:58:01,upi,True,ATK004
TX09895DC99F_ATK005_23f051,C0207,A0207,CARD0207,SYN2896,M0095,B833,2634.09,INR,Hyderabad,2026-07-25T23:37:05,card,True,ATK005
TXBA09E97CFC_ATK006_36e9ba,C0272,A0272,CARD0272,D00407,M0002,B807,2565.87,INR,Hyderabad,2026-08-10T12:46:18,card,True,ATK006
TXC6713CAB2C_ATK001_d2020b,C0142,A0142,CARD0142,D608,M0054,B_NONE,831.11,INR,Mumbai,2026-06-07T11:22:56,wallet,True,ATK001
TXD5980EB57A_ATK002_e66dda,C0254,A0254,CARD0254,D308,M0111,B0077,1989.06,INR,Delhi,2026-06-23T21:27:30,upi,True,ATK002
TXEB2772FE5E_ATK003_04f288,C0182,A0182,CARD0182,D318,M0103,B_NONE,1209.11,INR,Bengaluru,2026-08-12T08:35:24,upi,True,ATK003
TX7E0A1273D7_ATK004_0ece5a,C0051,A0051,CARD0051,D00074,M0139,B661,786.78,INR,Hyderabad,2026-06-28T22:32:18,card,True,ATK004
TX119B564BF3_ATK005_48f787,C0232,A0232,CARD0232,SYN4269,M0077,B262,1044.79,INR,Ahmedabad,2026-07-05T18:04:13,card,True,ATK005
TX80DA0696C9_ATK006_33c230,C0022,A0022,CARD0022,D00034,M0076,B681,316.15,INR,Mumbai,2026-06-29T12:50:58,upi,True,ATK006
TX1B3F108450_ATK001_37c84f,C0029,A0029,CARD0029,D140,M0025,B_NONE,210.69,INR,Bengaluru,2026-06-26T06:37:42,upi,True,ATK001
TXBFC58F940D_ATK002_0b705e,C0251,A0251,CARD0251,D450,M0108,B_NONE,39096.95,INR,Chennai,2026-06-23T22:15:37,card,True,ATK002
TXD29049C5CB_ATK003_046206,C0224,A0224,CARD0224,D932,M0072,B_NONE,567.18,INR,Delhi,2026-07-20T22:48:34,netbanking,True,ATK003
TXE2995BD80D_ATK004_a83f46,C0227,A0227,CARD0227,D00343,M0114,B424,7360.44,INR,Hyderabad,2026-07-21T15:23:48,netbanking,True,ATK004
TX71AB40B0B2_ATK005_df9a6b,C0292,A0292,CARD0292,SYN7847,M0082,B161,1780.68,INR,Ahmedabad,2026-06-25T08:56:21,card,True,ATK005
TX8E268CDBD9_ATK006_3e39de,C0180,A0180,CARD0180,D00271,M0006,B289,485.75,INR,Bangalore,2026-07-02T22:28:30,wallet,True,ATK006
TX6351F24580_ATK001_4e4be7,C0084,A0084,CARD0084,D952,M0033,B_NONE,341.87,INR,Mumbai,2026-07-12T13:36:01,upi,True,ATK001
TX2F64D3B5A6_ATK002_7d144c,C0281,A0281,CARD0281,D473,M0102,B_NONE,1419.12,INR,Mumbai,2026-07-05T20:07:12,upi,True,ATK002
TXB4D2D41B6A_ATK003_635288,C0261,A0261,CARD0261,D494,M0069,B_NONE,527.65,INR,Bengaluru,2026-07-30T15:04:39,card,True,ATK003
TX0BC167E916_ATK004_79f7a0,C0187,A0187,CARD0187,D00280,M0069,B621,300.16,INR,Chennai,2026-07-17T05:01:56,wallet,True,ATK004
TXCE4D810F65_ATK005_55a5e8,C0022,A0022,CARD0022,SYN3496,M0040,B313,219.47,INR,Mumbai,2026-08-25T13:53:15,wallet,True,ATK005
TX694A311D12_ATK006_5fa7cd,C0248,A0248,CARD0248,D00373,M0088,B311,174.27,INR,Ahmedabad,2026-08-13T07:45:03,card,True,ATK006
TXF09B657180_ATK001_e9b87e,C0017,A0017,CARD0017,D261,M0130,B_NONE,489.38,INR,Kolkata,2026-06-10T22:10:07,upi,True,ATK001
TXFD863D2838_ATK002_25a87e,C0177,A0177,CARD0177,D409,M0139,B_NONE,2336.48,INR,Bengaluru,2026-06-28T19:43:25,upi,True,ATK002
TX7E13264F27_ATK003_0c50d7,C0087,A0087,CARD0087,D720,M0028,B_NONE,1480.39,INR,Bengaluru,2026-06-03T12:08:17,card,True,ATK003
TX52E1EF18E9_ATK004_dee19c,C0221,A0221,CARD0221,D00332,M0149,B848,1176.93,INR,Hyderabad,2026-06-22T15:37:42,upi,True,ATK004
TX34D21B151A_ATK005_28dec6,C0112,A0112,CARD0112,SYN8150,M0095,B880,2524.08,INR,Bangalore,2026-07-06T20:13:05,netbanking,True,ATK005
TX86087E48E3_ATK006_82246e,C0165,A0165,CARD0165,D00249,M0007,B777,234.65,INR,Ahmedabad,2026-06-26T13:20:56,upi,True,ATK006
TX38E4FFA311_ATK001_9216bf,C0012,A0012,CARD0012,D133,M0133,B0130,426.98,INR,Kolkata,2026-07-24T14:22:54,card,True,ATK001
TX9B98739F51_ATK002_907f4a,C0126,A0126,CARD0126,D665,M0071,B_NONE,778.91,INR,Mumbai,2026-06-27T21:10:45,netbanking,True,ATK002
TX1320014E1E_ATK003_5f8400,C0108,A0108,CARD0108,D324,M0095,B_NONE,1130.39,INR,Chennai,2026-06-09T13:41:31,upi,True,ATK003
TX400BB72A53_ATK004_cd4948,C0194,A0194,CARD0194,D00290,M0054,B783,4205.99,INR,Mumbai,2026-06-24T21:35:22,upi,True,ATK004
TX65BA7EC537_ATK005_64ee46,C0128,A0128,CARD0128,SYN5908,M0101,B643,872.08,INR,Mumbai,2026-06-14T11:25:14,card,True,ATK005
TX99F2CDB396_ATK006_5538a5,C0199,A0199,CARD0199,D00296,M0008,B519,1713.15,INR,Pune,2026-08-04T14:53:55,upi,True,ATK006
TX45C750E3B6_ATK001_2b2931,C0228,A0228,CARD0228,D820,M0014,B_NONE,1043.84,INR,Kolkata,2026-08-03T09:28:47,card,True,ATK001
TX8C0654E940_ATK002_86241e,C0165,A0165,CARD0165,D780,M0067,B_NONE,835.68,INR,Mumbai,2026-07-25T13:12:18,upi,True,ATK002
TX3CB3EA0BF9_ATK003_903da7,C0045,A0045,CARD0045,D470,M0139,B_NONE,977.65,INR,Chennai,2026-08-12T23:55:34,card,True,ATK003
TXF6B2988082_ATK004_57ab01,C0122,A0122,CARD0122,D00184,M0115,B762,757.57,INR,Bangalore,2026-08-03T15:58:10,upi,True,ATK004
TXAEA9C94D49_ATK005_cbfb46,C0055,A0055,CARD0055,SYN2628,M0128,B437,1453.5,INR,Bangalore,2026-08-20T23:14:05,card,True,ATK005
TX748D5FDBA2_ATK006_7a69df,C0211,A0211,CARD0211,D00317,M0046,B117,5148.73,INR,Hyderabad,2026-08-22T21:25:44,upi,True,ATK006
TX8F87E5D6BE_ATK001_6c434d,C0117,A0117,CARD0117,D444,M0002,B_NONE,907.24,INR,Kolkata,2026-06-22T21:53:17,card,True,ATK001
TX9B0F0D67C2_ATK002_f0902e,C0109,A0109,CARD0109,D711,M0123,B_NONE,939.82,INR,Kolkata,2026-08-27T11:09:00,card,True,ATK002
TX1159B27AB2_ATK003_42bad9,C0204,A0204,CARD0204,D436,M0043,B0165,805.47,INR,Kolkata,2026-06-23T18:21:00,upi,True,ATK003
TXAB3D63476E_ATK004_1d163b,C0014,A0014,CARD0014,D00022,M0120,B356,2226.17,INR,Ahmedabad,2026-06-16T22:02:22,wallet,True,ATK004
TXCC73CB5384_ATK005_fd1f7a,C0010,A0010,CARD0010,SYN3355,M0137,B764,773.82,INR,Hyderabad,2026-08-15T19:10:42,card,True,ATK005
TXECB7B44CF7_ATK006_9d592d,C0280,A0280,CARD0280,D00418,M0021,B877,327.84,INR,Hyderabad,2026-08-16T12:12:15,upi,True,ATK006
TX7A3B40374B_ATK001_e8c8f7,C0266,A0266,CARD0266,D903,M0016,B0038,196.85,INR,Mumbai,2026-08-18T12:25:09,wallet,True,ATK001
TXE4DDA03D01_ATK002_cdb9ab,C0104,A0104,CARD0104,D797,M0002,B_NONE,6049.48,INR,Kolkata,2026-08-28T21:16:09,upi,True,ATK002
TX4AF5DAABBC_ATK003_f4810f,C0136,A0136,CARD0136,D905,M0003,B_NONE,841.62,INR,Delhi,2026-07-30T20:34:00,wallet,True,ATK003
TX636D068FE9_ATK004_9d8b39,C0060,A0060,CARD0060,D00086,M0140,B288,3872.81,INR,Mumbai,2026-06-23T15:34:56,card,True,ATK004
TX3F6BE0252F_ATK005_49e0ef,C0274,A0274,CARD0274,SYN2757,M0075,B225,1543.09,INR,Hyderabad,2026-07-12T22:46:09,card,True,ATK005
TX0FCF191DD9_ATK006_94bc3c,C0093,A0093,CARD0093,D00137,M0146,B207,2101.98,INR,Mumbai,2026-06-19T08:00:44,upi,True,ATK006
TXAA8AE83EA2_ATK001_f2cdcd,C0052,A0052,CARD0052,D533,M0118,B_NONE,896.4,INR,Chennai,2026-08-18T21:15:20,card,True,ATK001
TXD76A22217B_ATK002_8d61e2,C0142,A0142,CARD0142,D847,M0126,B_NONE,3210.66,INR,Mumbai,2026-07-01T11:54:25,card,True,ATK002
TX7861C14649_ATK003_1498ef,C0007,A0007,CARD0007,D158,M0074,B_NONE,2647.44,INR,Chennai,2026-08-26T12:07:15,upi,True,ATK003
TXD8BD25D177_ATK004_4acdbb,C0179,A0179,CARD0179,D00269,M0055,B423,2099.5,INR,Chennai,2026-07-23T21:32:54,netbanking,True,ATK004
TX964A4121F6_ATK005_cc2b51,C0064,A0064,CARD0064,SYN1421,M0039,B342,1158.81,INR,Chennai,2026-07-28T11:21:43,card,True,ATK005
TXFBF89D825C_ATK006_e48ad8,C0174,A0174,CARD0174,D00260,M0023,B557,1141.95,INR,Ahmedabad,2026-08-05T21:41:06,card,True,ATK006
TXFAB309B8F4_ATK001_765691,C0224,A0224,CARD0224,D743,M0087,B_NONE,717.13,INR,Bengaluru,2026-07-08T23:29:23,upi,True,ATK001
TX1FA504C8B7_ATK002_65d8ed,C0187,A0187,CARD0187,D330,M0124,B_NONE,1416.82,INR,Delhi,2026-08-06T10:25:57,card,True,ATK002
TXDB689931B9_ATK003_2f9a77,C0180,A0180,CARD0180,D389,M0081,B_NONE,504.77,INR,Hyderabad,2026-08-25T23:50:54,netbanking,True,ATK003
TXD9936D2BC2_ATK004_f6a5ef,C0082,A0082,CARD0082,D00117,M0066,B984,809.26,INR,Hyderabad,2026-06-25T07:28:19,card,True,ATK004
TX73B6B8E66A_ATK005_f45365,C0147,A0147,CARD0147,SYN1609,M0140,B680,547.51,INR,Kolkata,2026-06-09T22:10:23,upi,True,ATK005
TXCD8C1C38D7_ATK006_914182,C0105,A0105,CARD0105,D00157,M0021,B258,1233.25,INR,Hyderabad,2026-07-07T09:39:23,card,True,ATK006
TXE6DFCFBD05_ATK001_51f97f,C0200,A0200,CARD0200,D890,M0068,B_NONE,949.9,INR,Chennai,2026-06-03T07:51:45,upi,True,ATK001
TX841D19AFA8_ATK002_038148,C0048,A0048,CARD0048,D535,M0020,B_NONE,2460.22,INR,Kolkata,2026-08-15T18:25:03,card,True,ATK002
TXBDC9618FFF_ATK003_48805b,C0046,A0046,CARD0046,D867,M0149,B_NONE,899.04,INR,Mumbai,2026-07-23T23:09:31,upi,True,ATK003
TXF2B460C6A2_ATK004_c59d6a,C0084,A0084,CARD0084,D00121,M0035,B534,635.84,INR,Ahmedabad,2026-06-17T22:30:22,card,True,ATK004
TXF0439838F0_ATK005_253c87,C0051,A0051,CARD0051,SYN4921,M0006,B936,386.35,INR,Hyderabad,2026-07-21T21:28:20,card,True,ATK005
TX3BDC5E3667_ATK006_b6eff0,C0129,A0129,CARD0129,D00194,M0120,B163,633.06,INR,Ahmedabad,2026-08-28T12:43:35,upi,True,ATK006
TX9EA58245EC_ATK001_62024e,C0286,A0286,CARD0286,D573,M0108,B_NONE,539.74,INR,Chennai,2026-06-12T01:09:59,upi,True,ATK001
TX5D616B2080_ATK002_85da4e,C0070,A0070,CARD0070,D287,M0038,B_NONE,4108.84,INR,Bengaluru,2026-08-10T21:28:48,upi,True,ATK002
TXEE03F897CD_ATK003_87b2b6,C0194,A0194,CARD0194,D736,M0010,B_NONE,3043.86,INR,Chennai,2026-06-21T19:36:42,upi,True,ATK003
TX916A06D8FB_ATK004_a15fb8,C0273,A0273,CARD0273,D00409,M0058,B708,2550.9,INR,Hyderabad,2026-06-10T09:37:27,card,True,ATK004
TX96C991A84C_ATK005_113f4f,C0194,A0194,CARD0194,SYN1444,M0010,B841,4314.53,INR,Delhi,2026-07-10T19:16:31,upi,True,ATK005
TX98E0A490DF_ATK006_475896,C0227,A0227,CARD0227,D00343,M0114,B722,1613.71,INR,Hyderabad,2026-06-29T15:30:10,upi,True,ATK006
TXBB32701AB9_ATK001_849acb,C0094,A0094,CARD0094,D323,M0146,B_NONE,1912.07,INR,Delhi,2026-07-25T21:21:42,upi,True,ATK001
TXBA11A7D674_ATK002_9251bd,C0033,A0033,CARD0033,D411,M0002,B_NONE,3138.06,INR,Mumbai,2026-08-01T20:55:24,upi,True,ATK002
TX86103BB9EC_ATK003_d71a84,C0104,A0104,CARD0104,D839,M0134,B_NONE,1399.02,INR,Mumbai,2026-08-18T23:08:18,card,True,ATK003
TXD36B10D4C7_ATK004_b71340,C0087,A0087,CARD0087,D00126,M0024,B347,6766.58,INR,Pune,2026-06-24T13:23:00,card,True,ATK004
TX02515EAD91_ATK005_d30abf,C0063,A0063,CARD0063,SYN3550,M0052,B755,819.53,INR,Delhi,2026-06-26T20:47:46,upi,True,ATK005
TX4DA98C1FB0_ATK006_53d905,C0120,A0120,CARD0120,D00181,M0012,B268,1009.96,INR,Delhi,2026-08-17T21:42:59,upi,True,ATK006
TXB2FC53D2F9_ATK001_e87b99,C0028,A0028,CARD0028,D638,M0084,B_NONE,2877.4,INR,Chennai,2026-07-20T13:22:29,wallet,True,ATK001
TX59ADC0559A_ATK002_baeee5,C0157,A0157,CARD0157,D259,M0122,B_NONE,1380.32,INR,Kolkata,2026-07-23T22:37:13,card,True,ATK002
TX10640CA56E_ATK003_9af159,C0168,A0168,CARD0168,D316,M0002,B_NONE,564.99,INR,Delhi,2026-07-13T21:32:17,card,True,ATK003
TXCD3F0485A0_ATK004_1b47b2,C0059,A0059,CARD0059,D00085,M0061,B891,1330.27,INR,Ahmedabad,2026-07-13T18:59:14,card,True,ATK004
TXE7AF7E48DE_ATK005_80bce5,C0225,A0225,CARD0225,SYN5615,M0008,B222,871.69,INR,Chennai,2026-07-19T23:55:44,upi,True,ATK005
TX7A13C3F79F_ATK006_e85c31,C0111,A0111,CARD0111,D00165,M0129,B400,631.46,INR,Hyderabad,2026-08-13T15:01:41,card,True,ATK006
TXFFB97E2BAA_ATK001_22591b,C0234,A0234,CARD0234,D768,M0074,B_NONE,1667.9,INR,Bengaluru,2026-07-17T15:52:59,netbanking,True,ATK001
TX30FE2A916F_ATK002_d31f8f,C0062,A0062,CARD0062,D721,M0149,B0181,3480.74,INR,Bengaluru,2026-06-19T22:06:03,upi,True,ATK002
TXB81C1D95DD_ATK003_86bc83,C0295,A0295,CARD0295,D644,M0066,B_NONE,1538.77,INR,Bengaluru,2026-07-07T21:44:29,upi,True,ATK003
TXAAE930D321_ATK004_abc400,C0144,A0144,CARD0144,D00219,M0029,B832,1234.77,INR,Chennai,2026-07-21T21:07:23,card,True,ATK004
TX8484155C18_ATK005_7c3695,C0154,A0154,CARD0154,SYN3642,M0016,B817,2943.98,INR,Bangalore,2026-06-07T22:49:57,card,True,ATK005
TXBBC0BA1D76_ATK006_8017d7,C0162,A0162,CARD0162,D00245,M0068,B283,301.9,INR,Pune,2026-07-24T07:08:51,upi,True,ATK006
TX5C06563365_ATK001_88f71f,C0086,A0086,CARD0086,D535,M0147,B_NONE,45.88,INR,Kolkata,2026-06-06T20:15:56,card,True,ATK001
TXC83EAE9590_ATK002_a50ee8,C0030,A0030,CARD0030,D296,M0001,B_NONE,8117.49,INR,Mumbai,2026-07-13T22:15:34,upi,True,ATK002
TXB1E928368C_ATK003_b71368,C0221,A0221,CARD0221,D608,M0149,B_NONE,503.74,INR,Mumbai,2026-07-19T14:54:09,card,True,ATK003
TX872C98235C_ATK004_fe8d41,C0239,A0239,CARD0239,D00358,M0074,B730,1854.41,INR,Mumbai,2026-06-26T21:27:52,card,True,ATK004
TXC69A4CC337_ATK005_5b0d2b,C0283,A0283,CARD0283,SYN1928,M0122,B139,1303.67,INR,Kolkata,2026-08-25T14:59:48,card,True,ATK005
TX1971DE7F40_ATK006_b80427,C0083,A0083,CARD0083,D00119,M0039,B683,1084.74,INR,Ahmedabad,2026-06-28T15:23:08,upi,True,ATK006
TX8B32B500E5_ATK001_2e317e,C0223,A0223,CARD0223,D514,M0094,B_NONE,126.38,INR,Hyderabad,2026-07-04T15:10:16,card,True,ATK001
TX35B120F0D9_ATK002_503abd,C0113,A0113,CARD0113,D390,M0027,B_NONE,18510.16,INR,Bengaluru,2026-07-22T12:06:01,card,True,ATK002
TX014383F06B_ATK003_fc204b,C0144,A0144,CARD0144,D334,M0133,B_NONE,630.08,INR,Mumbai,2026-06-28T23:57:13,upi,True,ATK003
TXC2ED80D3C9_ATK004_fe590f,C0145,A0145,CARD0145,D00221,M0030,B321,2234.98,INR,Mumbai,2026-06-08T13:39:35,wallet,True,ATK004
TX083C8757FE_ATK005_34302b,C0168,A0168,CARD0168,SYN7942,M0059,B640,2119.02,INR,Chennai,2026-06-23T18:11:03,upi,True,ATK005
TX253F627F42_ATK006_d8c58e,C0027,A0027,CARD0027,D00041,M0067,B839,164.88,INR,Chennai,2026-08-26T14:35:37,card,True,ATK006
TX35CF71F2B3_ATK001_aa153c,C0254,A0254,CARD0254,D804,M0075,B_NONE,508.65,INR,Delhi,2026-08-25T22:51:46,card,True,ATK001
TXE274ABBED1_ATK002_f2e6ae,C0221,A0221,CARD0221,D659,M0149,B_NONE,855.46,INR,Kolkata,2026-07-17T15:04:39,upi,True,ATK002
TXEE197AA62A_ATK003_3700cb,C0224,A0224,CARD0224,D663,M0130,B_NONE,467.37,INR,Delhi,2026-06-15T23:24:34,upi,True,ATK003
TXEF97326567_ATK004_b8832b,C0084,A0084,CARD0084,D00121,M0060,B142,786.99,INR,Chennai,2026-08-12T22:51:30,upi,True,ATK004
TX83D222138F_ATK005_820948,C0017,A0017,CARD0017,SYN8385,M0040,B906,1444.12,INR,Mumbai,2026-07-25T14:16:13,card,True,ATK005
TX23A5AF8F2F_ATK006_f46cf7,C0173,A0173,CARD0173,D00259,M0040,B420,1465.03,INR,Ahmedabad,2026-06-08T20:10:35,card,True,ATK006
TXEF8761824D_ATK001_60f182,C0125,A0125,CARD0125,D479,M0085,B_NONE,7701.6,INR,Kolkata,2026-07-13T23:30:01,netbanking,True,ATK001
TXDC027A7397_ATK002_fd9e71,C0009,A0009,CARD0009,D571,M0007,B_NONE,3529.41,INR,Chennai,2026-08-27T00:49:05,upi,True,ATK002
TX7A4D132D7A_ATK003_b9f141,C0142,A0142,CARD0142,D251,M0053,B_NONE,399.37,INR,Mumbai,2026-07-19T20:06:54,upi,True,ATK003
TX3A1F0D90FD_ATK004_0184f7,C0162,A0162,CARD0162,D00245,M0057,B855,2300.16,INR,Pune,2026-07-28T09:47:04,card,True,ATK004
TX51B1F797C8_ATK005_110ffc,C0277,A0277,CARD0277,SYN2718,M0043,B590,835.4,INR,Chennai,2026-08-20T18:11:33,card,True,ATK005
TX83D3B6E133_ATK006_775310,C0290,A0290,CARD0290,D00436,M0086,B783,702.76,INR,Kolkata,2026-07-09T22:49:26,upi,True,ATK006
TX54882D3D5C_ATK001_b554ea,C0166,A0166,CARD0166,D583,M0087,B0190,461.69,INR,Kolkata,2026-06-11T11:29:52,card,True,ATK001
TXEE0BA098C8_ATK002_eb8d08,C0244,A0244,CARD0244,D359,M0043,B_NONE,1773.63,INR,Bengaluru,2026-06-05T22:47:21,upi,True,ATK002
TX265044C13F_ATK003_bc138a,C0086,A0086,CARD0086,D405,M0086,B_NONE,501.82,INR,Hyderabad,2026-08-03T18:41:56,card,True,ATK003
TXEE3D1B5712_ATK004_203b9b,C0010,A0010,CARD0010,D00017,M0076,B739,966.59,INR,Hyderabad,2026-06-06T22:52:17,card,True,ATK004
TX2C909E08E8_ATK005_3b6fbb,C0254,A0254,CARD0254,SYN6423,M0111,B804,993.11,INR,Pune,2026-06-23T20:59:15,card,True,ATK005
TX925F013349_ATK006_ed8e9d,C0108,A0108,CARD0108,D00160,M0039,B501,2614.47,INR,Delhi,2026-08-26T12:17:03,card,True,ATK006
TXA229317EDF_ATK001_0f40c1,C0257,A0257,CARD0257,D746,M0063,B_NONE,1103.63,INR,Hyderabad,2026-07-21T22:38:30,card,True,ATK001
TX6E135230BE_ATK002_0f9359,C0253,A0253,CARD0253,D899,M0082,B0178,8851.59,INR,Mumbai,2026-08-19T23:34:39,card,True,ATK002
TXB8E76A91EA_ATK003_b22561,C0001,A0001,CARD0001,D614,M0023,B_NONE,888.06,INR,Hyderabad,2026-06-01T09:54:18,wallet,True,ATK003
TX070D77EA45_ATK004_8bd37b,C0129,A0129,CARD0129,D00194,M0131,B489,1322.04,INR,Chennai,2026-07-04T15:40:08,card,True,ATK004
TXE46A5B98CE_ATK005_ca9f24,C0223,A0223,CARD0223,SYN9368,M0038,B311,351.05,INR,Delhi,2026-08-16T15:23:36,card,True,ATK005
TXF3E51BC514_ATK006_3dad93,C0069,A0069,CARD0069,D00098,M0077,B441,551.78,INR,Kolkata,2026-06-14T13:50:07,upi,True,ATK006
TX6422C5DF18_ATK001_4fa82d,C0032,A0032,CARD0032,D616,M0093,B_NONE,806.73,INR,Kolkata,2026-06-14T19:44:42,upi,True,ATK001
TXDB3C21302B_ATK002_539bfd,C0228,A0228,CARD0228,D448,M0012,B_NONE,3713.31,INR,Delhi,2026-08-09T08:24:59,upi,True,ATK002
TXE3A069E63D_ATK003_908ef3,C0042,A0042,CARD0042,D509,M0068,B0142,265.68,INR,Chennai,2026-06-17T07:16:05,wallet,True,ATK003
TX55A2DA4083_ATK004_1da02a,C0120,A0120,CARD0120,D00182,M0031,B995,2346.97,INR,Delhi,2026-07-25T23:30:47,card,True,ATK004
TXBAB3401F84_ATK005_3eca8d,C0287,A0287,CARD0287,SYN6322,M0029,B764,812.41,INR,Ahmedabad,2026-06-20T15:49:05,upi,True,ATK005
TX8571247EB1_ATK006_b666dd,C0293,A0293,CARD0293,D00439,M0149,B805,2520.42,INR,Chennai,2026-08-27T13:06:01,wallet,True,ATK006
TX8133FF12FF_ATK001_4ce94b,C0248,A0248,CARD0248,D127,M0034,B_NONE,275.74,INR,Bengaluru,2026-06-06T05:46:00,card,True,ATK001
TX8B6ED334C8_ATK002_ae6f51,C0199,A0199,CARD0199,D783,M0081,B_NONE,4431.92,INR,Bengaluru,2026-07-17T12:15:06,upi,True,ATK002
TX38CBD9227F_ATK003_db9ab6,C0105,A0105,CARD0105,D880,M0104,B_NONE,1342.69,INR,Delhi,2026-06-29T11:40:47,card,True,ATK003
TX300A9D9B23_ATK004_c7d716,C0280,A0280,CARD0280,D00417,M0093,B615,701.22,INR,Hyderabad,2026-07-05T14:26:04,upi,True,ATK004
TXE527410C31_ATK005_5d009e,C0038,A0038,CARD0038,SYN7176,M0132,B159,3744.4,INR,Kolkata,2026-07-22T14:12:38,card,True,ATK005
TX57DDDF5FE2_ATK006_cb2134,C0280,A0280,CARD0280,D00417,M0025,B571,367.47,INR,Hyderabad,2026-06-10T13:08:36,upi,True,ATK006
TX1458B45F22_ATK001_1415a8,C0082,A0082,CARD0082,D662,M0082,B_NONE,534.48,INR,Delhi,2026-06-18T10:42:51,upi,True,ATK001
TX385A147B61_ATK002_511acf,C0142,A0142,CARD0142,D409,M0054,B_NONE,3384.64,INR,Chennai,2026-07-20T09:23:51,upi,True,ATK002
TX14CED6FFB0_ATK003_7a3b4b,C0155,A0155,CARD0155,D772,M0132,B_NONE,1958.22,INR,Hyderabad,2026-07-20T18:46:45,upi,True,ATK003
TX751E6DA9B2_ATK004_6f038d,C0198,A0198,CARD0198,D00295,M0121,B543,2342.78,INR,Chennai,2026-07-25T12:39:46,card,True,ATK004
TX93789D955D_ATK005_48be9e,C0093,A0093,CARD0093,SYN6764,M0133,B601,1933.76,INR,Mumbai,2026-07-16T19:17:01,upi,True,ATK005
TXC2CDF48239_ATK006_d7591f,C0083,A0083,CARD0083,D00120,M0076,B348,806.63,INR,Ahmedabad,2026-08-26T14:17:19,wallet,True,ATK006
TXD83460A0AB_ATK001_963b73,C0061,A0061,CARD0061,D985,M0150,B_NONE,502.52,INR,Mumbai,2026-05-31T15:36:55,wallet,True,ATK001
TX307C24DE13_ATK002_c64044,C0017,A0017,CARD0017,D589,M0021,B_NONE,1079.1,INR,Hyderabad,2026-08-13T12:34:55,card,True,ATK002
TX05893E4D98_ATK003_edd18e,C0044,A0044,CARD0044,D210,M0094,B_NONE,11365.95,INR,Mumbai,2026-06-09T07:43:50,upi,True,ATK003
TXA05D5A8AF5_ATK004_dd5f42,C0221,A0221,CARD0221,D00332,M0082,B573,321.4,INR,Hyderabad,2026-08-24T13:13:14,upi,True,ATK004
TX2463AE5C74_ATK005_23f33f,C0258,A0258,CARD0258,SYN5127,M0015,B122,1030.26,INR,Ahmedabad,2026-06-15T22:14:59,upi,True,ATK005
TX99ECC9D8A2_ATK006_2cd181,C0147,A0147,CARD0147,D00225,M0058,B507,158.87,INR,Pune,2026-07-11T22:42:26,upi,True,ATK006
TX2E4991411B_ATK001_f87a3d,C0244,A0244,CARD0244,D704,M0037,B_NONE,550.01,INR,Mumbai,2026-07-11T19:36:59,wallet,True,ATK001
TXA6EB0EC9D9_ATK002_b91188,C0057,A0057,CARD0057,D125,M0020,B_NONE,1606.57,INR,Mumbai,2026-06-19T09:27:56,netbanking,True,ATK002
TX06C9F35376_ATK003_ee04fc,C0114,A0114,CARD0114,D476,M0076,B0044,1822.72,INR,Chennai,2026-08-05T18:07:09,card,True,ATK003
TX731E620FB9_ATK004_743777,C0229,A0229,CARD0229,D00346,M0124,B458,551.66,INR,Delhi,2026-07-22T14:41:00,upi,True,ATK004
TXA4B6211AA9_ATK005_58f0f2,C0202,A0202,CARD0202,SYN3324,M0113,B919,410.71,INR,Mumbai,2026-06-15T10:16:50,upi,True,ATK005
TX4BF838C567_ATK006_bb2894,C0221,A0221,CARD0221,D00331,M0065,B395,704.08,INR,Hyderabad,2026-06-14T12:52:42,upi,True,ATK006
TXA944A7A3AF_ATK001_a55905,C0017,A0017,CARD0017,D144,M0040,B0114,600.08,INR,Hyderabad,2026-06-11T12:13:43,card,True,ATK001
TXD6EC702769_ATK002_23ded2,C0273,A0273,CARD0273,D306,M0058,B_NONE,4730.77,INR,Delhi,2026-06-22T13:57:54,upi,True,ATK002
TX2889CDB1B9_ATK003_edf1c7,C0018,A0018,CARD0018,D778,M0116,B_NONE,2850.59,INR,Mumbai,2026-06-20T23:00:34,card,True,ATK003
TX9515913B23_ATK004_b609f3,C0069,A0069,CARD0069,D00098,M0127,B251,1835.35,INR,Kolkata,2026-05-31T12:56:43,card,True,ATK004
TXF067658FCF_ATK005_6a5f18,C0287,A0287,CARD0287,SYN8401,M0075,B283,889.3,INR,Ahmedabad,2026-07-23T15:21:21,card,True,ATK005
TX99BA9F520F_ATK006_933954,C0157,A0157,CARD0157,D00239,M0080,B405,968.96,INR,Delhi,2026-07-27T22:28:23,card,True,ATK006
TX05A60CBFAE_ATK001_7a5880,C0084,A0084,CARD0084,D324,M0038,B_NONE,722.79,INR,Hyderabad,2026-08-05T11:20:07,netbanking,True,ATK001
TXB57573F125_ATK002_4bf145,C0207,A0207,CARD0207,D963,M0074,B_NONE,2591.34,INR,Delhi,2026-07-08T23:24:59,card,True,ATK002
TX7A2D5B57D0_ATK003_9ca6b8,C0041,A0041,CARD0041,D173,M0150,B_NONE,3002.27,INR,Kolkata,2026-07-18T12:54:14,card,True,ATK003
TXB308809909_ATK004_29f689,C0295,A0295,CARD0295,D00441,M0012,B377,2477.4,INR,Hyderabad,2026-06-22T23:19:21,netbanking,True,ATK004
TX3D27734C96_ATK005_f0ab8e,C0179,A0179,CARD0179,SYN4677,M0038,B652,2675.06,INR,Chennai,2026-08-03T21:38:47,upi,True,ATK005
TXB578F870A6_ATK006_6395b3,C0060,A0060,CARD0060,D00086,M0064,B842,1156.74,INR,Mumbai,2026-08-16T21:57:31,card,True,ATK006
TX0FC4357521_ATK001_1e017e,C0227,A0227,CARD0227,D993,M0006,B_NONE,2585.66,INR,Delhi,2026-08-20T19:02:42,card,True,ATK001
TX568AC30120_ATK002_788e9a,C0207,A0207,CARD0207,D408,M0095,B_NONE,5500.61,INR,Chennai,2026-07-07T22:51:01,upi,True,ATK002
TX3EAA56C5E7_ATK003_4a70dc,C0252,A0252,CARD0252,D679,M0061,B_NONE,681.01,INR,Delhi,2026-08-09T17:24:18,card,True,ATK003
TX9FDEDA9548_ATK004_e234f1,C0276,A0276,CARD0276,D00413,M0037,B737,5767.81,INR,Pune,2026-06-22T18:23:14,upi,True,ATK004
TX74613723A5_ATK005_a070e1,C0138,A0138,CARD0138,SYN6335,M0125,B242,1994.43,INR,Chennai,2026-06-01T20:32:36,upi,True,ATK005
TXFF2D19FE7B_ATK006_4348e0,C0290,A0290,CARD0290,D00435,M0003,B310,798.92,INR,Kolkata,2026-08-19T22:50:15,card,True,ATK006
TXA7B7D90861_ATK001_6a52e7,C0138,A0138,CARD0138,D805,M0002,B_NONE,3029.59,INR,Hyderabad,2026-08-01T08:40:05,card,True,ATK001
TXA564BA7000_ATK002_a74d7d,C0107,A0107,CARD0107,D929,M0134,B_NONE,868.19,INR,Hyderabad,2026-08-05T10:10:35,wallet,True,ATK002
TX1EB726EC64_ATK003_529ce6,C0020,A0020,CARD0020,D465,M0122,B_NONE,578.52,INR,Bengaluru,2026-07-06T11:45:16,card,True,ATK003
TX74BF9A43F9_ATK004_71e20a,C0242,A0242,CARD0242,D00364,M0004,B627,1054.71,INR,Ahmedabad,2026-05-31T21:36:06,card,True,ATK004
TX4FE323B151_ATK005_ed70aa,C0248,A0248,CARD0248,SYN2915,M0088,B705,1053.14,INR,Ahmedabad,2026-08-20T08:02:42,card,True,ATK005
TX591A8B296C_ATK006_66d6fb,C0200,A0200,CARD0200,D00297,M0061,B426,854.6,INR,Delhi,2026-07-12T08:06:46,upi,True,ATK006
TX67670BD38D_ATK001_a54f39,C0220,A0220,CARD0220,D841,M0029,B0099,533.52,INR,Mumbai,2026-06-10T23:52:02,card,True,ATK001
TXFD66002703_ATK002_90335e,C0140,A0140,CARD0140,D208,M0106,B_NONE,1616.65,INR,Delhi,2026-06-11T21:21:17,upi,True,ATK002
TXB95ED61976_ATK003_794418,C0289,A0289,CARD0289,D246,M0058,B_NONE,495.97,INR,Chennai,2026-06-27T08:22:17,upi,True,ATK003
TXCE29C18D5F_ATK004_d090f4,C0088,A0088,CARD0088,D00128,M0080,B174,1322.4,INR,Bangalore,2026-07-26T06:18:12,upi,True,ATK004
TX35B185DC96_ATK005_749902,C0008,A0008,CARD0008,SYN2804,M0108,B243,1443.47,INR,Hyderabad,2026-07-28T13:25:35,wallet,True,ATK005
TX9EE3561917_ATK006_448b20,C0003,A0003,CARD0003,D00003,M0010,B772,1935.4,INR,Mumbai,2026-07-23T07:40:42,card,True,ATK006
TXB4CCE211FD_ATK001_6dd5c7,C0257,A0257,CARD0257,D174,M0063,B_NONE,3503.12,INR,Hyderabad,2026-06-03T22:41:15,wallet,True,ATK001
TX710D884802_ATK002_43cb2f,C0134,A0134,CARD0134,D428,M0060,B_NONE,1137.48,INR,Hyderabad,2026-07-02T13:20:33,netbanking,True,ATK002
TXCA8EFB3C70_ATK003_f570bd,C0221,A0221,CARD0221,D165,M0059,B0046,441.42,INR,Bengaluru,2026-08-27T13:57:11,card,True,ATK003
TX097D892048_ATK004_6b0b0a,C0204,A0204,CARD0204,D00304,M0088,B176,1491.14,INR,Chennai,2026-08-12T19:45:38,upi,True,ATK004
TXE40E9F62D0_ATK005_2a1872,C0164,A0164,CARD0164,SYN7504,M0052,B851,1151.27,INR,Bangalore,2026-07-23T08:47:04,card,True,ATK005
TX01BC4B0EBD_ATK006_e70529,C0115,A0115,CARD0115,D00172,M0031,B398,615.04,INR,Mumbai,2026-07-07T22:05:33,upi,True,ATK006
TXACB37BBBA6_ATK001_9d08d4,C0163,A0163,CARD0163,D987,M0003,B_NONE,431.16,INR,Kolkata,2026-08-11T21:44:42,card,True,ATK001
TX6BBA5EBE59_ATK002_878eb4,C0160,A0160,CARD0160,D853,M0104,B0162,10569.16,INR,Kolkata,2026-07-29T21:52:26,card,True,ATK002
TX4DA7D76F0A_ATK003_e74edb,C0078,A0078,CARD0078,D953,M0141,B_NONE,2779.3,INR,Chennai,2026-06-13T08:24:16,upi,True,ATK003
TX5D06332156_ATK004_ffce01,C0235,A0235,CARD0235,D00352,M0026,B223,660.38,INR,Chennai,2026-07-08T08:59:08,card,True,ATK004
TX426F9980E2_ATK005_7c4bbf,C0069,A0069,CARD0069,SYN4085,M0112,B469,345.34,INR,Bangalore,2026-08-04T15:02:39,upi,True,ATK005
TX1614BFEE62_ATK006_c9f676,C0055,A0055,CARD0055,D00080,M0102,B928,677.68,INR,Bangalore,2026-07-23T22:28:10,card,True,ATK006
TXC9113BAD06_ATK001_96fb82,C0215,A0215,CARD0215,D525,M0135,B0032,392.23,INR,Kolkata,2026-06-21T21:39:37,card,True,ATK001
TX7A2C0A437B_ATK002_105ca3,C0081,A0081,CARD0081,D525,M0144,B_NONE,704.9,INR,Kolkata,2026-07-24T10:06:21,card,True,ATK002
TX626C18733F_ATK003_9da981,C0276,A0276,CARD0276,D331,M0015,B_NONE,2733.09,INR,Chennai,2026-07-02T20:29:09,card,True,ATK003
TX20B665A7BC_ATK004_5e3ec2,C0194,A0194,CARD0194,D00290,M0106,B158,9908.31,INR,Delhi,2026-07-15T22:31:45,netbanking,True,ATK004
TX0D4A4A05DA_ATK005_09a675,C0266,A0266,CARD0266,SYN8027,M0032,B982,1482.02,INR,Hyderabad,2026-08-16T21:50:07,upi,True,ATK005
TX025E7771A2_ATK006_aaabcc,C0022,A0022,CARD0022,D00034,M0135,B972,363.24,INR,Mumbai,2026-06-05T12:06:43,card,True,ATK006
TXDE1A7382AC_ATK001_c8d3f6,C0107,A0107,CARD0107,D545,M0141,B_NONE,391.53,INR,Chennai,2026-07-14T11:39:50,card,True,ATK001
TX60A9B63D06_ATK002_a22538,C0219,A0219,CARD0219,D602,M0120,B_NONE,410.32,INR,Kolkata,2026-06-27T14:18:43,upi,True,ATK002
TX52233CF2B3_ATK003_30b18e,C0011,A0011,CARD0011,D343,M0003,B_NONE,912.07,INR,Bengaluru,2026-08-14T15:30:49,card,True,ATK003
TX98DBB5B644_ATK004_5f033a,C0112,A0112,CARD0112,D00166,M0090,B887,1922.24,INR,Bangalore,2026-06-23T21:04:47,netbanking,True,ATK004
TX56400E1D0F_ATK005_a281f7,C0248,A0248,CARD0248,SYN9229,M0050,B258,1221.12,INR,Ahmedabad,2026-07-10T11:30:54,card,True,ATK005
TXC86AD97803_ATK006_1e1587,C0241,A0241,CARD0241,D00363,M0066,B819,453.88,INR,Bangalore,2026-08-28T08:26:49,card,True,ATK006
TX32321C8F96_ATK001_83ee4b,C0104,A0104,CARD0104,D251,M0097,B_NONE,1434.11,INR,Hyderabad,2026-06-28T23:58:43,upi,True,ATK001
TX5067C5C9B7_ATK002_6c1955,C0224,A0224,CARD0224,D968,M0087,B_NONE,3760.72,INR,Mumbai,2026-05-31T13:30:15,upi,True,ATK002
TX1737997FF4_ATK003_0e1685,C0054,A0054,CARD0054,D629,M0086,B0105,587.19,INR,Hyderabad,2026-07-17T15:32:28,card,True,ATK003
TX680D74D775_ATK004_28521e,C0284,A0284,CARD0284,D00424,M0124,B838,2279.24,INR,Mumbai,2026-06-29T11:12:41,card,True,ATK004
TX57CB299E42_ATK005_0159b3,C0027,A0027,CARD0027,SYN6001,M0057,B183,275.49,INR,Chennai,2026-07-01T13:36:34,wallet,True,ATK005
TX063666D9B2_ATK006_21b0e7,C0094,A0094,CARD0094,D00138,M0024,B352,1389.66,INR,Chennai,2026-06-11T23:06:36,card,True,ATK006
TXDD242AA79F_ATK001_330c8a,C0201,A0201,CARD0201,D875,M0009,B_NONE,2712.65,INR,Mumbai,2026-07-14T14:17:08,card,True,ATK001
TX10A939C910_ATK002_65eaed,C0057,A0057,CARD0057,D275,M0046,B_NONE,2265.43,INR,Kolkata,2026-06-25T11:11:15,netbanking,True,ATK002
TX4ACA7911C2_ATK003_379623,C0284,A0284,CARD0284,D710,M0124,B_NONE,729.56,INR,Kolkata,2026-07-01T14:49:58,card,True,ATK003
TX242C66D3A1_ATK004_7d1eb2,C0297,A0297,CARD0297,D00444,M0110,B924,3983.66,INR,Mumbai,2026-07-05T20:24:13,card,True,ATK004
TXFF697E74F2_ATK005_d69776,C0094,A0094,CARD0094,SYN8900,M0026,B141,2324.73,INR,Chennai,2026-07-30T22:51:47,upi,True,ATK005
TX8CB7ED80B2_ATK006_1c3bcc,C0152,A0152,CARD0152,D00232,M0071,B579,458.38,INR,Chennai,2026-08-18T10:28:25,card,True,ATK006
TX9A46DB2CDB_ATK001_9209b6,C0162,A0162,CARD0162,D894,M0066,B_NONE,1244.64,INR,Kolkata,2026-08-14T07:04:18,card,True,ATK001
TX70831A5171_ATK002_45fc91,C0249,A0249,CARD0249,D853,M0091,B_NONE,10715.38,INR,Chennai,2026-08-12T09:32:40,upi,True,ATK002
TXB86DAEE7B9_ATK003_c23cdc,C0097,A0097,CARD0097,D910,M0107,B_NONE,395.0,INR,Delhi,2026-08-15T09:10:36,card,True,ATK003
TX38762B36B7_ATK004_8a5460,C0218,A0218,CARD0218,D00328,M0027,B914,1350.13,INR,Bangalore,2026-08-02T15:17:22,card,True,ATK004
TX89C698F295_ATK005_6f363a,C0177,A0177,CARD0177,SYN9906,M0140,B500,960.64,INR,Kolkata,2026-08-28T19:26:57,card,True,ATK005
TX3F200C8294_ATK006_1fc235,C0118,A0118,CARD0118,D00178,M0149,B559,324.84,INR,Hyderabad,2026-07-25T20:27:37,upi,True,ATK006
TXE2E6569768_ATK001_eefbb8,C0129,A0129,CARD0129,D884,M0120,B_NONE,791.64,INR,Bengaluru,2026-08-28T15:32:11,card,True,ATK001
TX2B6B6B736D_ATK002_17c10e,C0117,A0117,CARD0117,D450,M0051,B_NONE,3043.38,INR,Bengaluru,2026-06-16T22:44:33,upi,True,ATK002
TX7B5B6976ED_ATK003_654f18,C0122,A0122,CARD0122,D474,M0047,B_NONE,171.68,INR,Mumbai,2026-07-06T12:11:47,upi,True,ATK003
TX64B850A78E_ATK004_c42275,C0143,A0143,CARD0143,D00218,M0079,B643,571.01,INR,Delhi,2026-07-25T07:57:37,card,True,ATK004
TX53CBECDB6E_ATK005_89dc76,C0213,A0213,CARD0213,SYN5981,M0036,B318,622.74,INR,Pune,2026-06-25T00:17:18,upi,True,ATK005
TXE6DA15750C_ATK006_a083f5,C0188,A0188,CARD0188,D00282,M0101,B702,1186.72,INR,Ahmedabad,2026-08-09T10:33:02,card,True,ATK006
TXAF9A807792_ATK001_fa25b8,C0242,A0242,CARD0242,D708,M0039,B_NONE,668.33,INR,Mumbai,2026-06-08T23:59:13,netbanking,True,ATK001
TX89F908FCB4_ATK002_977501,C0189,A0189,CARD0189,D508,M0085,B_NONE,7883.61,INR,Delhi,2026-08-23T22:32:56,upi,True,ATK002
TX976F38348E_ATK003_826e29,C0126,A0126,CARD0126,D291,M0008,B_NONE,1135.63,INR,Bengaluru,2026-06-23T22:44:40,wallet,True,ATK003
TX94E2AE6A87_ATK004_a81d5c,C0250,A0250,CARD0250,D00375,M0049,B927,1464.78,INR,Chennai,2026-06-28T22:31:32,netbanking,True,ATK004
TX4A140754F3_ATK005_106a2e,C0248,A0248,CARD0248,SYN2490,M0027,B295,868.31,INR,Ahmedabad,2026-08-26T10:57:41,wallet,True,ATK005
TX1A954E888B_ATK006_4882e3,C0103,A0103,CARD0103,D00155,M0047,B233,314.87,INR,Hyderabad,2026-07-19T13:48:13,card,True,ATK006
TX863BF3A8B7_ATK001_262cb0,C0032,A0032,CARD0032,D177,M0093,B_NONE,380.71,INR,Bengaluru,2026-08-14T18:14:07,card,True,ATK001
TX1588EF6D30_ATK002_fd2c21,C0083,A0083,CARD0083,D707,M0039,B_NONE,3732.09,INR,Hyderabad,2026-08-26T14:43:31,card,True,ATK002
TX0075F83891_ATK003_859307,C0171,A0171,CARD0171,D466,M0052,B0020,704.36,INR,Bengaluru,2026-06-15T17:59:17,card,True,ATK003
TX12D2E3BAD6_ATK004_df532d,C0155,A0155,CARD0155,D00237,M0030,B893,7716.44,INR,Chennai,2026-07-14T20:39:37,upi,True,ATK004
TX2EF1C9EAF8_ATK005_0138a5,C0230,A0230,CARD0230,SYN2870,M0069,B364,2311.31,INR,Kolkata,2026-08-24T01:34:12,card,True,ATK005
TXB27F28E14C_ATK006_abf2c2,C0178,A0178,CARD0178,D00267,M0097,B571,539.97,INR,Delhi,2026-06-20T14:16:35,card,True,ATK006
TX3F428D1F90_ATK001_4f8414,C0132,A0132,CARD0132,D146,M0137,B0126,728.51,INR,Mumbai,2026-07-10T22:38:34,netbanking,True,ATK001
TX01252A4305_ATK002_f60ef2,C0201,A0201,CARD0201,D194,M0111,B_NONE,11679.6,INR,Bengaluru,2026-07-28T14:02:38,card,True,ATK002
TXB76FB5E629_ATK003_16e807,C0253,A0253,CARD0253,D970,M0044,B0042,1551.65,INR,Chennai,2026-06-16T23:50:03,upi,True,ATK003
TXB85ECEDBA0_ATK004_b5cff9,C0078,A0078,CARD0078,D00112,M0140,B809,1816.1,INR,Pune,2026-06-03T09:56:41,upi,True,ATK004
TX58432072B2_ATK005_d09d60,C0130,A0130,CARD0130,SYN2928,M0068,B300,760.37,INR,Ahmedabad,2026-07-26T20:39:23,card,True,ATK005
TXD9951A9604_ATK006_efc9d6,C0154,A0154,CARD0154,D00234,M0096,B600,2539.34,INR,Bangalore,2026-06-08T23:40:39,card,True,ATK006
TXCD51C2729B_ATK001_bba256,C0124,A0124,CARD0124,D923,M0063,B_NONE,1089.5,INR,Mumbai,2026-06-29T20:59:37,upi,True,ATK001
TXE239FBE396_ATK002_fc4af2,C0054,A0054,CARD0054,D917,M0134,B_NONE,1364.07,INR,Delhi,2026-06-02T14:12:47,wallet,True,ATK002
TX9AE4DFCDF8_ATK003_94fe27,C0029,A0029,CARD0029,D262,M0011,B_NONE,396.79,INR,Bengaluru,2026-07-01T22:01:37,card,True,ATK003
TXADE8C863C8_ATK004_f11c5d,C0162,A0162,CARD0162,D00245,M0142,B244,1502.56,INR,Pune,2026-08-25T11:26:39,upi,True,ATK004
TX7F728FFB22_ATK005_a421ca,C0095,A0095,CARD0095,SYN5988,M0134,B911,656.09,INR,Pune,2026-08-10T10:50:38,upi,True,ATK005
TX10C547C410_ATK006_c8abac,C0236,A0236,CARD0236,D00353,M0101,B573,421.86,INR,Chennai,2026-06-17T19:39:51,upi,True,ATK006
TXEDD618284D_ATK001_74dafa,C0207,A0207,CARD0207,D252,M0095,B_NONE,2583.66,INR,Bengaluru,2026-06-26T21:35:12,netbanking,True,ATK001
TXCDE9859C02_ATK002_ce5aeb,C0194,A0194,CARD0194,D932,M0052,B_NONE,6871.55,INR,Kolkata,2026-08-11T05:19:58,wallet,True,ATK002
TX3E22C6D654_ATK003_6ff41d,C0288,A0288,CARD0288,D942,M0007,B_NONE,629.9,INR,Kolkata,2026-06-21T10:13:24,upi,True,ATK003
TXF45F102E48_ATK004_be9961,C0105,A0105,CARD0105,D00157,M0149,B435,3895.22,INR,Hyderabad,2026-06-27T11:46:57,upi,True,ATK004
TX9F767CA1F5_ATK005_522f53,C0046,A0046,CARD0046,SYN3865,M0003,B343,1078.63,INR,Hyderabad,2026-07-18T23:34:47,card,True,ATK005
TX1FF36765BF_ATK006_7b3deb,C0168,A0168,CARD0168,D00252,M0028,B941,1086.88,INR,Hyderabad,2026-07-12T13:20:32,card,True,ATK006
TX40846C2289_ATK001_06c7b3,C0040,A0040,CARD0040,D841,M0007,B_NONE,447.97,INR,Hyderabad,2026-07-28T13:23:54,card,True,ATK001
TX725CEC6A71_ATK002_1a4c74,C0143,A0143,CARD0143,D464,M0094,B_NONE,2484.27,INR,Kolkata,2026-08-18T09:23:17,card,True,ATK002
TXF42E83E57B_ATK003_4e458e,C0143,A0143,CARD0143,D332,M0005,B_NONE,142.99,INR,Bengaluru,2026-06-07T11:34:56,card,True,ATK003
TX62204EE156_ATK004_cdb25a,C0256,A0256,CARD0256,D00383,M0034,B480,1946.89,INR,Mumbai,2026-08-10T07:38:26,upi,True,ATK004
TX0367CD8BB1_ATK005_db9db7,C0098,A0098,CARD0098,SYN1598,M0041,B317,2128.57,INR,Mumbai,2026-07-01T00:04:42,upi,True,ATK005
TXB63B89014A_ATK006_61090d,C0149,A0149,CARD0149,D00227,M0085,B571,815.31,INR,Kolkata,2026-08-06T13:26:43,upi,True,ATK006
TX16F4218E03_ATK001_4f2d09,C0227,A0227,CARD0227,D477,M0132,B_NONE,3403.83,INR,Chennai,2026-06-12T15:23:22,card,True,ATK001
TX60B7CE635E_ATK002_b341c5,C0060,A0060,CARD0060,D408,M0049,B_NONE,3981.85,INR,Delhi,2026-07-14T18:27:06,wallet,True,ATK002
TX3D069E52AF_ATK003_9a27a7,C0113,A0113,CARD0113,D785,M0115,B_NONE,6886.5,INR,Delhi,2026-06-13T03:57:29,upi,True,ATK003
TX69E7FB56B6_ATK004_31e106,C0048,A0048,CARD0048,D00069,M0099,B400,1438.02,INR,Bangalore,2026-07-25T19:17:08,upi,True,ATK004
TXBD0414FB0E_ATK005_d4b748,C0141,A0141,CARD0141,SYN7965,M0068,B472,684.76,INR,Delhi,2026-06-18T20:27:07,upi,True,ATK005
TX1597603F65_ATK006_d1f9f6,C0275,A0275,CARD0275,D00411,M0005,B360,452.25,INR,Ahmedabad,2026-06-30T12:32:28,card,True,ATK006
TXB06B12CE42_ATK001_59b83d,C0166,A0166,CARD0166,D674,M0003,B_NONE,367.6,INR,Chennai,2026-07-29T03:05:43,card,True,ATK001
TX80EC4C1160_ATK002_1e9efc,C0134,A0134,CARD0134,D450,M0135,B_NONE,2838.01,INR,Mumbai,2026-07-03T15:25:17,upi,True,ATK002
TXCC188E2419_ATK003_912716,C0108,A0108,CARD0108,D525,M0122,B_NONE,2385.03,INR,Hyderabad,2026-07-29T14:53:53,netbanking,True,ATK003
TX6CB7DB6653_ATK004_93bb5a,C0075,A0075,CARD0075,D00106,M0049,B668,1522.49,INR,Hyderabad,2026-06-15T13:57:51,card,True,ATK004
TXE02378B74B_ATK005_fbe26f,C0062,A0062,CARD0062,SYN2671,M0129,B220,1480.78,INR,Mumbai,2026-07-17T14:47:53,netbanking,True,ATK005
TXCE1086A3A2_ATK006_308a2b,C0263,A0263,CARD0263,D00395,M0055,B423,306.05,INR,Bangalore,2026-07-17T08:59:43,card,True,ATK006
TX4AF9F7C0DC_ATK001_80ecb6,C0015,A0015,CARD0015,D297,M0135,B_NONE,761.65,INR,Kolkata,2026-07-21T08:05:12,upi,True,ATK001
TXC25942B1A8_ATK002_c1f2fd,C0134,A0134,CARD0134,D488,M0033,B_NONE,7705.64,INR,Delhi,2026-07-28T13:18:36,card,True,ATK002
TX74C18BB2F5_ATK003_3c75c6,C0289,A0289,CARD0289,D258,M0026,B_NONE,628.12,INR,Delhi,2026-06-17T08:29:21,wallet,True,ATK003
TXFF141B661A_ATK004_18e4d8,C0080,A0080,CARD0080,D00114,M0085,B130,4758.71,INR,Ahmedabad,2026-08-02T10:39:41,card,True,ATK004
TXA2AF2F218D_ATK005_a090a2,C0224,A0224,CARD0224,SYN5540,M0006,B669,1384.68,INR,Kolkata,2026-08-27T23:07:23,wallet,True,ATK005
TXD1C58BC661_ATK006_f32787,C0146,A0146,CARD0146,D00224,M0143,B868,469.77,INR,Hyderabad,2026-07-06T21:46:20,card,True,ATK006
TXA1042F7B84_ATK001_77855f,C0206,A0206,CARD0206,D600,M0137,B_NONE,520.26,INR,Delhi,2026-06-18T07:34:40,card,True,ATK001
TX94831912C4_ATK002_02e24b,C0145,A0145,CARD0145,D304,M0055,B0053,3057.44,INR,Hyderabad,2026-06-21T14:57:37,upi,True,ATK002
TX5D7BE7C86B_ATK003_1e2629,C0047,A0047,CARD0047,D394,M0091,B_NONE,686.88,INR,Kolkata,2026-08-01T22:53:40,netbanking,True,ATK003
TX8663F7E6FE_ATK004_f3096b,C0167,A0167,CARD0167,D00251,M0099,B183,1420.29,INR,Ahmedabad,2026-08-04T22:05:55,upi,True,ATK004
TX5572E45F29_ATK005_6153dd,C0203,A0203,CARD0203,SYN3661,M0084,B599,1008.31,INR,Ahmedabad,2026-07-31T12:50:31,card,True,ATK005
TXF5DCE5F3B5_ATK006_840e0e,C0134,A0134,CARD0134,D00201,M0060,B978,2373.44,INR,Chennai,2026-06-06T14:02:04,wallet,True,ATK006
TX6B7A5CAF28_ATK001_01b343,C0126,A0126,CARD0126,D557,M0059,B_NONE,952.5,INR,Hyderabad,2026-07-14T21:10:32,card,True,ATK001
TXBD75197856_ATK002_755977,C0129,A0129,CARD0129,D456,M0120,B_NONE,3214.42,INR,Mumbai,2026-08-28T13:00:32,wallet,True,ATK002
TX4D74174B1E_ATK003_ecc602,C0281,A0281,CARD0281,D528,M0059,B_NONE,280.11,INR,Bengaluru,2026-08-22T19:48:36,card,True,ATK003
TX6EB7571E17_ATK004_d465ec,C0283,A0283,CARD0283,D00423,M0048,B227,1786.44,INR,Kolkata,2026-06-26T15:04:33,card,True,ATK004
TX449BB2C843_ATK005_24a50c,C0057,A0057,CARD0057,SYN3011,M0148,B576,1056.49,INR,Delhi,2026-08-01T10:13:47,card,True,ATK005
TXF18A5E1D6A_ATK006_bbe729,C0057,A0057,CARD0057,D00082,M0120,B614,749.02,INR,Delhi,2026-07-27T10:53:58,upi,True,ATK006
TXB47D902670_ATK001_40d285,C0004,A0004,CARD0004,D337,M0035,B_NONE,522.02,INR,Chennai,2026-07-23T22:27:57,upi,True,ATK001
TX35C3BE6B3B_ATK002_9294d9,C0040,A0040,CARD0040,D328,M0120,B_NONE,204.02,INR,Chennai,2026-07-21T15:48:03,upi,True,ATK002
TXE92FA1015D_ATK003_42e6ad,C0213,A0213,CARD0213,D650,M0014,B_NONE,255.16,INR,Delhi,2026-07-18T12:18:29,card,True,ATK003
TX14FFF55610_ATK004_3a8957,C0024,A0024,CARD0024,D00036,M0065,B341,14989.44,INR,Hyderabad,2026-08-07T19:42:55,card,True,ATK004
TX4F8BAEB913_ATK005_556c45,C0047,A0047,CARD0047,SYN2699,M0032,B988,1296.72,INR,Delhi,2026-06-21T22:34:01,upi,True,ATK005
TX611CB2E966_ATK006_2be94e,C0093,A0093,CARD0093,D00137,M0129,B849,1583.41,INR,Mumbai,2026-06-21T14:43:13,netbanking,True,ATK006
TX55BCEA46E4_ATK001_e606a2,C0120,A0120,CARD0120,D385,M0031,B_NONE,540.09,INR,Bengaluru,2026-06-21T23:27:59,card,True,ATK001
TX3B5992DB45_ATK002_49d391,C0294,A0294,CARD0294,D320,M0005,B_NONE,19711.98,INR,Chennai,2026-07-20T21:59:29,upi,True,ATK002
TXE9E509D91D_ATK003_87a36d,C0181,A0181,CARD0181,D886,M0148,B_NONE,4897.03,INR,Chennai,2026-08-03T19:50:33,upi,True,ATK003
TXDD42796258_ATK004_8c86d0,C0139,A0139,CARD0139,D00211,M0019,B773,1386.89,INR,Kolkata,2026-08-15T21:21:45,netbanking,True,ATK004
TX933C7E4DDD_ATK005_361e19,C0075,A0075,CARD0075,SYN7065,M0104,B763,1196.03,INR,Hyderabad,2026-06-26T12:55:44,card,True,ATK005
TX6C456115B0_ATK006_e7cf8f,C0020,A0020,CARD0020,D00032,M0122,B952,759.09,INR,Chennai,2026-06-16T14:18:52,upi,True,ATK006
TX54AF2EEF4E_ATK001_72ec82,C0104,A0104,CARD0104,D126,M0097,B0131,1390.25,INR,Mumbai,2026-06-12T22:03:48,card,True,ATK001
TX4973E8875F_ATK002_5fd9a5,C0046,A0046,CARD0046,D533,M0091,B_NONE,2634.78,INR,Chennai,2026-08-18T22:28:07,card,True,ATK002
TX250CDAED89_ATK003_308936,C0134,A0134,CARD0134,D927,M0104,B_NONE,427.29,INR,Kolkata,2026-07-01T15:06:46,upi,True,ATK003
TX3ED8B0E362_ATK004_d54c95,C0166,A0166,CARD0166,D00250,M0020,B505,739.38,INR,Mumbai,2026-07-29T11:19:32,upi,True,ATK004
TX1DEFB70C4A_ATK005_7d940b,C0244,A0244,CARD0244,SYN3527,M0012,B544,971.16,INR,Hyderabad,2026-07-27T19:02:01,card,True,ATK005
TXB47677B75D_ATK006_38fabb,C0248,A0248,CARD0248,D00373,M0027,B503,658.5,INR,Ahmedabad,2026-06-02T07:34:47,upi,True,ATK006
TX591F4AE313_ATK001_707924,C0221,A0221,CARD0221,D798,M0065,B_NONE,472.44,INR,Delhi,2026-08-18T15:04:05,card,True,ATK001
TX3CCB72B5F3_ATK002_afac0b,C0119,A0119,CARD0119,D454,M0079,B_NONE,2047.65,INR,Delhi,2026-07-21T15:59:56,wallet,True,ATK002
TXBE712A5612_ATK003_aded71,C0084,A0084,CARD0084,D664,M0055,B_NONE,447.88,INR,Bengaluru,2026-07-12T23:58:24,netbanking,True,ATK003
TXFC93DF3905_ATK004_84ee48,C0037,A0037,CARD0037,D00055,M0121,B154,1837.01,INR,Kolkata,2026-07-25T19:47:43,card,True,ATK004
TX50BED81052_ATK005_291485,C0084,A0084,CARD0084,SYN8906,M0017,B742,820.9,INR,Ahmedabad,2026-08-19T23:57:40,wallet,True,ATK005
TXBBAD017874_ATK006_b32aa2,C0030,A0030,CARD0030,D00045,M0020,B472,706.18,INR,Kolkata,2026-08-23T21:02:56,upi,True,ATK006
TX119D58DA61_ATK001_7be563,C0227,A0227,CARD0227,D124,M0065,B_NONE,4394.43,INR,Mumbai,2026-06-24T15:08:35,upi,True,ATK001
TX37E907C860_ATK002_8a4d58,C0083,A0083,CARD0083,D443,M0076,B0181,1124.67,INR,Mumbai,2026-06-02T15:48:55,upi,True,ATK002
TX57933C4C50_ATK003_5c44f6,C0080,A0080,CARD0080,D532,M0128,B0121,2651.25,INR,Delhi,2026-08-12T10:47:02,wallet,True,ATK003
TX1A92C91FF2_ATK004_fdba0b,C0224,A0224,CARD0224,D00337,M0130,B842,1317.5,INR,Kolkata,2026-08-12T13:15:49,netbanking,True,ATK004
TXAA53DCF663_ATK005_6ac567,C0114,A0114,CARD0114,SYN7101,M0076,B322,3676.59,INR,Kolkata,2026-07-09T07:36:01,card,True,ATK005
TX7538E54DC1_ATK006_1d5b65,C0174,A0174,CARD0174,D00260,M0090,B184,696.5,INR,Ahmedabad,2026-06-27T23:50:24,card,True,ATK006
TX766E993581_ATK001_1921df,C0034,A0034,CARD0034,D308,M0067,B_NONE,1060.3,INR,Delhi,2026-06-16T13:17:50,upi,True,ATK001
TX8AE7E6D64E_ATK002_2953da,C0027,A0027,CARD0027,D386,M0124,B_NONE,1296.3,INR,Hyderabad,2026-08-20T08:45:58,card,True,ATK002
TX0ED3F6156D_ATK003_c039d6,C0102,A0102,CARD0102,D108,M0121,B_NONE,175.79,INR,Kolkata,2026-07-02T00:49:37,card,True,ATK003
TX91D6BFEFA1_ATK004_6f7e21,C0020,A0020,CARD0020,D00032,M0122,B535,1649.5,INR,Chennai,2026-07-12T03:03:04,card,True,ATK004
TX8F9EBD55CC_ATK005_eb3f7b,C0253,A0253,CARD0253,SYN1019,M0109,B592,3017.13,INR,Ahmedabad,2026-07-01T22:39:51,card,True,ATK005
TX5A052659A7_ATK006_7ab3c8,C0193,A0193,CARD0193,D00289,M0137,B251,2109.49,INR,Pune,2026-07-19T21:37:19,netbanking,True,ATK006
TX21E1559CB1_ATK001_594f2d,C0129,A0129,CARD0129,D281,M0134,B_NONE,579.32,INR,Mumbai,2026-06-14T13:18:50,card,True,ATK001
TX113F5FA19B_ATK002_63481f,C0028,A0028,CARD0028,D891,M0109,B_NONE,18646.36,INR,Chennai,2026-06-08T09:23:45,card,True,ATK002
TXC5B7383F5D_ATK003_f59494,C0285,A0285,CARD0285,D456,M0004,B_NONE,529.94,INR,Kolkata,2026-07-02T07:59:39,upi,True,ATK003
TXE06BDABAA0_ATK004_569ed6,C0224,A0224,CARD0224,D00337,M0098,B700,958.13,INR,Kolkata,2026-08-17T22:13:57,card,True,ATK004
TX1D83D714B0_ATK005_f13153,C0230,A0230,CARD0230,SYN8068,M0072,B956,2225.67,INR,Kolkata,2026-06-07T19:33:57,upi,True,ATK005
TX7971B0B943_ATK006_0d7749,C0227,A0227,CARD0227,D00341,M0065,B335,2154.24,INR,Hyderabad,2026-07-24T12:07:57,upi,True,ATK006
TX509BE9ECB9_ATK001_6308a4,C0163,A0163,CARD0163,D231,M0053,B0144,565.26,INR,Bengaluru,2026-06-30T01:16:19,upi,True,ATK001
TXE8E8620F9E_ATK002_75a442,C0051,A0051,CARD0051,D862,M0139,B0020,2148.06,INR,Bengaluru,2026-06-21T23:27:58,upi,True,ATK002
TXAE7B08C4BA_ATK003_e7c7e1,C0019,A0019,CARD0019,D680,M0099,B_NONE,455.29,INR,Delhi,2026-08-06T15:46:41,card,True,ATK003
TX5D9C5CE488_ATK004_10dbd0,C0238,A0238,CARD0238,D00355,M0089,B216,4373.39,INR,Hyderabad,2026-07-22T07:56:16,upi,True,ATK004
TX904698D06F_ATK005_6acd82,C0104,A0104,CARD0104,SYN3469,M0066,B240,703.65,INR,Pune,2026-05-31T23:36:59,netbanking,True,ATK005
TX6CE7EBBEC0_ATK006_955d27,C0262,A0262,CARD0262,D00394,M0032,B743,1079.92,INR,Delhi,2026-06-21T21:17:47,upi,True,ATK006
TXE7045DB5A0_ATK001_4e2e78,C0198,A0198,CARD0198,D713,M0144,B_NONE,151.29,INR,Kolkata,2026-06-24T15:59:10,upi,True,ATK001
TX83246D74D7_ATK002_a8dd26,C0069,A0069,CARD0069,D890,M0119,B0098,1827.64,INR,Bengaluru,2026-07-06T12:12:39,upi,True,ATK002
TXE948C2CC9A_ATK003_394001,C0012,A0012,CARD0012,D257,M0041,B_NONE,469.46,INR,Kolkata,2026-08-12T01:24:21,upi,True,ATK003
TXB7DAEF0F55_ATK004_296b03,C0194,A0194,CARD0194,D00290,M0117,B478,6405.41,INR,Delhi,2026-08-15T08:12:19,card,True,ATK004
TX874653B582_ATK005_58a27a,C0101,A0101,CARD0101,SYN6448,M0112,B152,10804.63,INR,Mumbai,2026-06-16T09:54:28,upi,True,ATK005
TX103401AF42_ATK006_ec9fe7,C0037,A0037,CARD0037,D00055,M0007,B933,397.97,INR,Kolkata,2026-07-27T19:38:40,upi,True,ATK006
TX5FB1F8B405_ATK001_f83eba,C0104,A0104,CARD0104,D220,M0066,B_NONE,1304.75,INR,Chennai,2026-07-07T22:11:39,upi,True,ATK001
TX1F72AA41C5_ATK002_ccb656,C0060,A0060,CARD0060,D790,M0057,B_NONE,9824.34,INR,Kolkata,2026-06-07T20:21:03,upi,True,ATK002
TXAAE9B30244_ATK003_3a2710,C0200,A0200,CARD0200,D972,M0068,B_NONE,778.07,INR,Chennai,2026-08-07T10:30:32,card,True,ATK003
TX41A74BA1B5_ATK004_48b12f,C0143,A0143,CARD0143,D00218,M0059,B474,685.61,INR,Delhi,2026-08-19T09:20:26,upi,True,ATK004
TX09226FF243_ATK005_17ff3e,C0284,A0284,CARD0284,SYN8962,M0045,B186,2602.26,INR,Mumbai,2026-07-24T14:52:12,upi,True,ATK005
TXEA22A27C31_ATK006_f52baf,C0257,A0257,CARD0257,D00385,M0042,B860,2375.23,INR,Delhi,2026-08-16T21:24:48,netbanking,True,ATK006
TX88CC2FE139_ATK001_021816,C0277,A0277,CARD0277,D633,M0076,B_NONE,671.01,INR,Mumbai,2026-07-20T22:26:17,card,True,ATK001
TX4EA5FE468D_ATK002_88941f,C0239,A0239,CARD0239,D311,M0116,B0091,3827.5,INR,Bengaluru,2026-07-15T22:13:08,netbanking,True,ATK002
TXCD61BB64EB_ATK003_96a062,C0022,A0022,CARD0022,D253,M0128,B_NONE,294.43,INR,Delhi,2026-07-13T15:27:38,wallet,True,ATK003
TXA3E5BF81DE_ATK004_ab8fc7,C0049,A0049,CARD0049,D00071,M0048,B526,1699.28,INR,Kolkata,2026-06-16T21:19:20,wallet,True,ATK004
TX79C3A27CD7_ATK005_a3f059,C0166,A0166,CARD0166,SYN1812,M0087,B472,1124.06,INR,Mumbai,2026-08-28T00:03:40,upi,True,ATK005
TX2F833EB36A_ATK006_cface1,C0193,A0193,CARD0193,D00288,M0058,B948,2054.25,INR,Pune,2026-07-01T21:50:01,upi,True,ATK006
TX9C8D0DF76E_ATK001_637866,C0277,A0277,CARD0277,D359,M0054,B_NONE,446.98,INR,Bengaluru,2026-08-17T19:25:09,upi,True,ATK001
TXA47BF7FCC8_ATK002_321ddc,C0283,A0283,CARD0283,D531,M0067,B_NONE,2200.8,INR,Hyderabad,2026-07-21T08:16:17,upi,True,ATK002
TXEB00BEB996_ATK003_2a7389,C0217,A0217,CARD0217,D989,M0118,B_NONE,553.47,INR,Mumbai,2026-06-08T22:55:55,card,True,ATK003
TXFF0FDAF61F_ATK004_409c9a,C0011,A0011,CARD0011,D00019,M0105,B492,1311.81,INR,Chennai,2026-08-06T15:00:39,wallet,True,ATK004
TX41EE430A1F_ATK005_d80a59,C0226,A0226,CARD0226,SYN9579,M0002,B922,3961.73,INR,Chennai,2026-08-18T23:57:15,upi,True,ATK005
TXF55F98E51A_ATK006_e89cdf,C0124,A0124,CARD0124,D00188,M0106,B892,652.57,INR,Bangalore,2026-08-27T19:04:27,upi,True,ATK006
TX4C4D7CF9D3_ATK001_4d057e,C0273,A0273,CARD0273,D575,M0058,B_NONE,1321.0,INR,Mumbai,2026-07-30T13:05:36,upi,True,ATK001
TXD522AD78CC_ATK002_aaf25a,C0084,A0084,CARD0084,D180,M0134,B_NONE,2223.09,INR,Hyderabad,2026-07-31T23:44:15,upi,True,ATK002
TX9DE66C8D42_ATK003_3bbe66,C0166,A0166,CARD0166,D951,M0087,B_NONE,356.98,INR,Delhi,2026-07-21T10:53:44,upi,True,ATK003
TX5693D5C503_ATK004_4bdb29,C0192,A0192,CARD0192,D00287,M0052,B743,3134.21,INR,Bangalore,2026-06-17T20:41:28,card,True,ATK004
TXE37AFEB093_ATK005_04b331,C0267,A0267,CARD0267,SYN7693,M0034,B181,2794.97,INR,Hyderabad,2026-08-11T21:36:04,upi,True,ATK005
TX057D974A36_ATK006_f6fda1,C0121,A0121,CARD0121,D00183,M0073,B820,2069.5,INR,Kolkata,2026-07-29T15:50:52,card,True,ATK006
TX57D96B02EE_ATK001_990309,C0069,A0069,CARD0069,D145,M0119,B_NONE,159.75,INR,Hyderabad,2026-08-22T14:53:47,wallet,True,ATK001
TX034959AB00_ATK002_6a232c,C0104,A0104,CARD0104,D687,M0077,B_NONE,6842.09,INR,Kolkata,2026-07-08T23:22:58,card,True,ATK002
TX508A4A9347_ATK003_428e53,C0171,A0171,CARD0171,D933,M0108,B_NONE,359.45,INR,Bengaluru,2026-06-01T14:11:09,card,True,ATK003
TXA2AEFC0B3F_ATK004_92682d,C0141,A0141,CARD0141,D00215,M0148,B256,1027.45,INR,Delhi,2026-06-08T22:00:29,card,True,ATK004
TXA78B4E5779_ATK005_6edda6,C0030,A0030,CARD0030,SYN1516,M0005,B692,1152.19,INR,Kolkata,2026-06-07T21:36:56,wallet,True,ATK005
TX226C185B6A_ATK006_b77dfa,C0181,A0181,CARD0181,D00272,M0125,B857,500.41,INR,Kolkata,2026-07-10T20:26:56,card,True,ATK006
TXC671211A6F_ATK001_1cd692,C0190,A0190,CARD0190,D596,M0101,B_NONE,227.01,INR,Hyderabad,2026-06-29T22:02:28,upi,True,ATK001
TXC65044C4A7_ATK002_c71870,C0248,A0248,CARD0248,D416,M0018,B_NONE,2151.82,INR,Kolkata,2026-07-08T07:42:54,card,True,ATK002
TXDCFBE6FFA6_ATK003_fde899,C0224,A0224,CARD0224,D523,M0007,B_NONE,502.57,INR,Chennai,2026-05-31T22:49:02,card,True,ATK003
TX0C7CACD97A_ATK004_70cd64,C0177,A0177,CARD0177,D00266,M0026,B592,1401.73,INR,Kolkata,2026-08-02T19:49:03,card,True,ATK004
TXCD18E7BA3A_ATK005_2b7ecf,C0059,A0059,CARD0059,SYN3626,M0039,B747,254.35,INR,Ahmedabad,2026-06-09T18:36:51,card,True,ATK005
TXACE5C46F6C_ATK006_0104b4,C0032,A0032,CARD0032,D00048,M0053,B866,472.3,INR,Delhi,2026-06-19T18:34:40,card,True,ATK006
TX2E4BBEAAAC_ATK001_0fb4f9,C0207,A0207,CARD0207,D729,M0072,B0196,1936.06,INR,Delhi,2026-08-16T21:34:07,card,True,ATK001
TX07E2E70A82_ATK002_3dec11,C0029,A0029,CARD0029,D787,M0047,B0006,2391.7,INR,Delhi,2026-06-01T22:36:39,card,True,ATK002
TXDADC827C09_ATK003_45f658,C0032,A0032,CARD0032,D638,M0009,B_NONE,370.97,INR,Hyderabad,2026-07-13T18:36:08,card,True,ATK003
TX90DC3D25D9_ATK004_e6afed,C0002,A0002,CARD0002,D00002,M0015,B919,1119.53,INR,Delhi,2026-06-16T21:27:02,wallet,True,ATK004
